{"correct": 1957, "top-k": [0.3719387755102041, 0.6193877551020408, 0.6954081632653061, 0.7806122448979592, 0.8137755102040817, 0.835204081632653, 0.8545918367346939, 0.8739795918367347, 0.8877551020408163, 0.8974489795918368, 0.9102040816326531, 0.9163265306122449, 0.9209183673469388, 0.9326530612244898, 0.9413265306122449, 0.9459183673469388, 0.9520408163265306, 0.9545918367346938, 0.9612244897959183, 0.9653061224489796, 0.9709183673469388, 0.9724489795918367, 0.9755102040816327, 0.9775510204081632, 0.9795918367346939, 0.9821428571428571, 0.9821428571428571, 0.9831632653061224, 0.9831632653061224, 0.9831632653061224, 0.9836734693877551, 0.9841836734693877, 0.9841836734693877, 0.9846938775510204, 0.985204081632653, 0.9857142857142858, 0.986734693877551, 0.9877551020408163, 0.988265306122449, 0.988265306122449, 0.9887755102040816, 0.9887755102040816, 0.9887755102040816, 0.9887755102040816, 0.9892857142857143, 0.9892857142857143, 0.9892857142857143, 0.9897959183673469, 0.9897959183673469, 0.9908163265306122, 0.9918367346938776, 0.9923469387755102, 0.9928571428571429, 0.9928571428571429, 0.9928571428571429, 0.9933673469387755, 0.9933673469387755, 0.9938775510204082, 0.9938775510204082, 0.9954081632653061, 0.9954081632653061, 0.9954081632653061, 0.9954081632653061, 0.9959183673469387, 0.9959183673469387, 0.9959183673469387, 0.9964285714285714, 0.9964285714285714, 0.9964285714285714, 0.9964285714285714, 0.9964285714285714, 0.9964285714285714, 0.9964285714285714, 0.9964285714285714, 0.9964285714285714, 0.9964285714285714, 0.9964285714285714, 0.9964285714285714, 0.9964285714285714, 0.9964285714285714, 0.9964285714285714, 0.9964285714285714, 0.9964285714285714, 0.9964285714285714, 0.9964285714285714, 0.9964285714285714, 0.9964285714285714, 0.9964285714285714, 0.9964285714285714, 0.9964285714285714, 0.996938775510204, 0.996938775510204, 0.996938775510204, 0.996938775510204, 0.996938775510204, 0.996938775510204, 0.9974489795918368, 0.9979591836734694, 0.9984693877551021, 0.9984693877551021], "throughput-ratio-k": [0.5049513557449858, 0.7071518144757908, 0.7749952770506154, 0.8337619257312445, 0.857533800023273, 0.8733699023535025, 0.8964635799050398, 0.9131972037992339, 0.9241714144503762, 0.9281161070159101, 0.9412038310050115, 0.9460407698608908, 0.9487166867417828, 0.9573863183155017, 0.9615513804361407, 0.9647304386535347, 0.9715386349824874, 0.9733782029932266, 0.9791830359949647, 0.9813347006533963, 0.9843957629154104, 0.9858216077073984, 0.9878963350788862, 0.9889407084594091, 0.989310511724586, 0.9902623299200944, 0.990351941918782, 0.9920129623512383, 0.9920129623512383, 0.9920814431976843, 0.9921089692171405, 0.9922695548252212, 0.9922695548252212, 0.9923675797075503, 0.9924103946355919, 0.992475629161642, 0.9926108757954735, 0.9933697151202334, 0.9933752108044641, 0.9936224337805155, 0.9941460715599166, 0.9941460715599166, 0.9943632035920509, 0.9943632035920509, 0.9944514439818581, 0.9944514439818581, 0.9944514439818581, 0.9949836145002654, 0.9949836145002654, 0.9951852460703061, 0.9959313868000164, 0.9967522767479688, 0.9967729804067795, 0.9967729804067795, 0.9967773218456512, 0.99759004714378, 0.99759004714378, 0.9983149324246942, 0.9983149324246942, 0.998633355777199, 0.998633355777199, 0.998633355777199, 0.9986506419445933, 0.9987202005251533, 0.9987202005251533, 0.9987202005251533, 0.9987258776863178, 0.9987258776863178, 0.9987258776863178, 0.9987258776863178, 0.9987258776863178, 0.9987258776863178, 0.9987258776863178, 0.9987258776863178, 0.9987258776863178, 0.9987258776863178, 0.9987258776863178, 0.9987258776863178, 0.9987258776863178, 0.9987258776863178, 0.9987258776863178, 0.9987258776863178, 0.9987258776863178, 0.9987258776863178, 0.9987258776863178, 0.9987258776863178, 0.9987258776863178, 0.9987258776863178, 0.9987258776863178, 0.9987258776863178, 0.9988655136932243, 0.9988655136932243, 0.9988655136932243, 0.9988655136932243, 0.9988655136932243, 0.9988655136932243, 0.9988786365742397, 0.9989309788270189, 0.9990885246460516, 0.9990885246460516], "history": {"loss": [4, 3, 2, 2, 2, 2, 2, 2, 2, 2, 2, 2, 2, 2, 2], "top-1-accuracy": [0, 0, 0, 0, 0, 0, 0, 0, 0, 0, 0, 0, 0, 0, 0], "top-10-accuracy": [0, 0, 0, 0, 0, 0, 0, 0, 0, 0, 0, 0, 0, 0, 0], "top-1-throughput": [0, 0, 0, 0, 0, 0, 0, 0, 0, 0, 0, 0, 0, 0, 0], "top-10-throughput": [0, 0, 0, 0, 0, 0, 0, 0, 0, 0, 0, 0, 0, 0, 0], "val_loss": [2, 2, 2, 2, 2, 2, 2, 2, 2, 2, 2, 2, 2, 2, 2], "val_top-1-accuracy": [0, 0, 0, 0, 0, 0, 0, 0, 0, 0, 0, 0, 0, 0, 0], "val_top-10-accuracy": [0, 0, 0, 0, 0, 0, 0, 0, 0, 0, 0, 0, 0, 0, 0], "val_top-1-throughput": [0, 0, 0, 0, 0, 0, 0, 0, 0, 0, 0, 0, 0, 0, 0], "val_top-10-throughput": [0, 0, 0, 0, 0, 0, 0, 0, 0, 0, 0, 0, 0, 0, 0]}}