{"correct": 1955, "top-k": [0.26581632653061227, 0.47091836734693876, 0.6056122448979592, 0.6872448979591836, 0.7107142857142857, 0.753061224489796, 0.7887755102040817, 0.8158163265306122, 0.8326530612244898, 0.8591836734693877, 0.8678571428571429, 0.8795918367346939, 0.8892857142857142, 0.9035714285714286, 0.9086734693877551, 0.9173469387755102, 0.925, 0.9316326530612244, 0.9387755102040817, 0.9443877551020409, 0.9469387755102041, 0.9505102040816327, 0.9530612244897959, 0.9561224489795919, 0.963265306122449, 0.9658163265306122, 0.9668367346938775, 0.9698979591836735, 0.9714285714285714, 0.975, 0.9785714285714285, 0.9790816326530613, 0.9801020408163266, 0.9811224489795919, 0.9821428571428571, 0.9831632653061224, 0.9831632653061224, 0.9836734693877551, 0.9836734693877551, 0.9836734693877551, 0.9846938775510204, 0.985204081632653, 0.9857142857142858, 0.9862244897959184, 0.986734693877551, 0.986734693877551, 0.986734693877551, 0.986734693877551, 0.986734693877551, 0.986734693877551, 0.986734693877551, 0.986734693877551, 0.986734693877551, 0.9872448979591837, 0.9872448979591837, 0.9877551020408163, 0.9877551020408163, 0.9892857142857143, 0.9892857142857143, 0.9892857142857143, 0.9892857142857143, 0.9903061224489796, 0.9903061224489796, 0.9903061224489796, 0.9903061224489796, 0.9903061224489796, 0.9903061224489796, 0.9903061224489796, 0.9903061224489796, 0.9903061224489796, 0.9903061224489796, 0.9908163265306122, 0.9918367346938776, 0.9923469387755102, 0.9928571428571429, 0.9928571428571429, 0.9928571428571429, 0.9933673469387755, 0.9933673469387755, 0.9933673469387755, 0.9933673469387755, 0.9933673469387755, 0.9933673469387755, 0.9938775510204082, 0.9954081632653061, 0.9954081632653061, 0.9954081632653061, 0.9954081632653061, 0.9954081632653061, 0.9954081632653061, 0.9954081632653061, 0.9954081632653061, 0.9954081632653061, 0.9954081632653061, 0.9954081632653061, 0.9954081632653061, 0.9954081632653061, 0.996938775510204, 0.996938775510204, 0.9974489795918368], "throughput-ratio-k": [0.3639146906663122, 0.5644870911947751, 0.6845729766380315, 0.7555816131513688, 0.7762286302057453, 0.8122887525258957, 0.8409214303506912, 0.8645239912424688, 0.8824122605542922, 0.902983237783772, 0.9114432453860477, 0.9218729069799818, 0.9295202402456786, 0.9432879491931716, 0.9463927573469356, 0.9534300440429604, 0.9592558035129609, 0.9646047494698307, 0.9693727936557035, 0.9713215657397063, 0.9746873546274472, 0.9760060847165953, 0.9775003271011652, 0.9784804233483214, 0.9791175523016721, 0.9795716828876089, 0.979645644159569, 0.9808880807685776, 0.9830627366113204, 0.9861561586881448, 0.9886651234992349, 0.9888748332401903, 0.989627748343953, 0.9896858344875633, 0.9901286528799067, 0.991489260722613, 0.9915626238132783, 0.9917563615529413, 0.9917563615529413, 0.9917563615529413, 0.9921855599589918, 0.9932959972751911, 0.9933842376649986, 0.9942051276129512, 0.994934354332737, 0.994934354332737, 0.994934354332737, 0.994934354332737, 0.994934354332737, 0.9951514863648713, 0.9951514863648713, 0.9951514863648713, 0.9951514863648713, 0.995291851782833, 0.995320367054072, 0.9954059281342563, 0.9954059281342563, 0.9956525590855754, 0.9956525590855754, 0.9958423379542771, 0.9958423379542771, 0.9960937247213212, 0.9960937247213212, 0.9960937247213212, 0.9961091963617333, 0.9961091963617333, 0.9961091963617333, 0.9961091963617333, 0.9961091963617333, 0.9961091963617333, 0.9961091963617333, 0.9962009804475023, 0.9963160599501727, 0.9963373153989686, 0.9963429925601331, 0.9963429925601331, 0.9963429925601331, 0.9964826285670394, 0.9964826285670394, 0.9964826285670394, 0.9964826285670394, 0.9964826285670394, 0.9964826285670394, 0.9967082549458623, 0.9968835726129888, 0.9968835726129888, 0.9968835726129888, 0.9968835726129888, 0.9968835726129888, 0.9968835726129888, 0.9968835726129888, 0.9968835726129888, 0.9968835726129888, 0.9968835726129888, 0.9968835726129888, 0.9968835726129888, 0.9968835726129888, 0.9971065835658159, 0.9971065835658159, 0.9978314688467302], "history": {"loss": [9, 4, 4, 3, 3, 3, 3, 3, 3, 3, 3, 3, 3, 3, 3], "top-1-accuracy": [0, 0, 0, 0, 0, 0, 0, 0, 0, 0, 0, 0, 0, 0, 0], "top-10-accuracy": [0, 0, 0, 0, 0, 0, 0, 0, 0, 0, 0, 0, 0, 0, 0], "top-1-throughput": [0, 0, 0, 0, 0, 0, 0, 0, 0, 0, 0, 0, 0, 0, 0], "top-10-throughput": [0, 0, 0, 0, 0, 0, 0, 0, 0, 0, 0, 0, 0, 0, 0], "val_loss": [4, 3, 3, 3, 3, 3, 2, 2, 2, 2, 2, 2, 2, 2, 2], "val_top-1-accuracy": [0, 0, 0, 0, 0, 0, 0, 0, 0, 0, 0, 0, 0, 0, 0], "val_top-10-accuracy": [0, 0, 0, 0, 0, 0, 0, 0, 0, 0, 0, 0, 0, 0, 0], "val_top-1-throughput": [0, 0, 0, 0, 0, 0, 0, 0, 0, 0, 0, 0, 0, 0, 0], "val_top-10-throughput": [0, 0, 0, 0, 0, 0, 0, 0, 0, 0, 0, 0, 0, 0, 0]}}