{"correct": 1956, "top-k": [0.6229591836734694, 0.8153061224489796, 0.8744897959183674, 0.9045918367346939, 0.9168367346938775, 0.9214285714285714, 0.9295918367346939, 0.9346938775510204, 0.9413265306122449, 0.9464285714285714, 0.9510204081632653, 0.9551020408163265, 0.9591836734693877, 0.9607142857142857, 0.9637755102040816, 0.9642857142857143, 0.9673469387755103, 0.9683673469387755, 0.9714285714285714, 0.9744897959183674, 0.9760204081632653, 0.9770408163265306, 0.9780612244897959, 0.9790816326530613, 0.9801020408163266, 0.9806122448979592, 0.9816326530612245, 0.9821428571428571, 0.9836734693877551, 0.985204081632653, 0.9857142857142858, 0.9862244897959184, 0.986734693877551, 0.986734693877551, 0.9872448979591837, 0.988265306122449, 0.9892857142857143, 0.9892857142857143, 0.9897959183673469, 0.9897959183673469, 0.9903061224489796, 0.9908163265306122, 0.9908163265306122, 0.9918367346938776, 0.9918367346938776, 0.9918367346938776, 0.9923469387755102, 0.9923469387755102, 0.9923469387755102, 0.9923469387755102, 0.9928571428571429, 0.9928571428571429, 0.9928571428571429, 0.9928571428571429, 0.9933673469387755, 0.9933673469387755, 0.9933673469387755, 0.9933673469387755, 0.9933673469387755, 0.9938775510204082, 0.9938775510204082, 0.9943877551020408, 0.9943877551020408, 0.9943877551020408, 0.9943877551020408, 0.9943877551020408, 0.9943877551020408, 0.9943877551020408, 0.9948979591836735, 0.9948979591836735, 0.9948979591836735, 0.9954081632653061, 0.9954081632653061, 0.9954081632653061, 0.9954081632653061, 0.9959183673469387, 0.9959183673469387, 0.9964285714285714, 0.9964285714285714, 0.9964285714285714, 0.9964285714285714, 0.9964285714285714, 0.9964285714285714, 0.9964285714285714, 0.9964285714285714, 0.9964285714285714, 0.996938775510204, 0.996938775510204, 0.996938775510204, 0.996938775510204, 0.996938775510204, 0.996938775510204, 0.996938775510204, 0.9974489795918368, 0.9979591836734694, 0.9979591836734694, 0.9979591836734694, 0.9979591836734694, 0.9979591836734694, 0.9979591836734694], "throughput-ratio-k": [0.7727984861505314, 0.8970553009836123, 0.9251039877713697, 0.9401571380878966, 0.9467821501936458, 0.9502598220998542, 0.9568359454312213, 0.9619969846368879, 0.9675680837013193, 0.97245042369578, 0.9752662851927707, 0.9763007391284493, 0.9784806244193958, 0.9794618879760265, 0.9806482935237112, 0.981122166444181, 0.9829704608007639, 0.9838673857641786, 0.9856911503369988, 0.9869298640471456, 0.9877635119953343, 0.9880373190404473, 0.9881232792390254, 0.9883510732613924, 0.9887928851162604, 0.9891358541702343, 0.9899033796188963, 0.989955120626018, 0.9913166781045957, 0.9918431148704073, 0.9918569328237685, 0.9918737292193693, 0.9921831085683214, 0.9921831085683214, 0.9925461227235944, 0.9926302791862347, 0.993887334985556, 0.993887334985556, 0.9939650169932684, 0.9943353527438344, 0.9950602380247487, 0.9952804259418602, 0.995575309358321, 0.9958284617566001, 0.9958284617566001, 0.9960841657212715, 0.9965856234230605, 0.9965856234230605, 0.9965856234230605, 0.9965856234230605, 0.9966364081441081, 0.9966364081441081, 0.9966364081441081, 0.9966364081441081, 0.9967246485339155, 0.9967246485339155, 0.9967246485339155, 0.9967246485339155, 0.9967246485339155, 0.9972548018698257, 0.9972548018698257, 0.9976595706649101, 0.9976595706649101, 0.9976595706649101, 0.9976595706649101, 0.9976595706649101, 0.9976595706649101, 0.9976595706649101, 0.9978899306522815, 0.9978899306522815, 0.9979445562746273, 0.9980055196301355, 0.9980055196301355, 0.9980055196301355, 0.9980055196301355, 0.998129936908677, 0.998129936908677, 0.9981356140698415, 0.9981356140698415, 0.9981356140698415, 0.9981356140698415, 0.9981356140698415, 0.9981356140698415, 0.9981356140698415, 0.9981356140698415, 0.9981356140698415, 0.9982032996994203, 0.9982032996994203, 0.9982032996994203, 0.9982032996994203, 0.9982032996994203, 0.9982032996994203, 0.9982032996994203, 0.9989281849803345, 0.9989488886391453, 0.9989488886391453, 0.9989488886391453, 0.9989488886391453, 0.9989488886391453, 0.9989488886391453], "history": {"loss": [3, 3, 2, 2, 2, 2, 2, 2, 2, 2, 2, 2, 2, 2, 2], "top-1-accuracy": [0, 0, 0, 0, 0, 0, 0, 0, 0, 0, 0, 0, 0, 0, 0], "top-10-accuracy": [0, 0, 0, 0, 0, 0, 0, 0, 0, 0, 0, 0, 0, 0, 0], "top-1-throughput": [0, 0, 0, 0, 0, 0, 0, 0, 0, 0, 0, 0, 0, 0, 0], "top-10-throughput": [0, 0, 0, 0, 0, 0, 0, 0, 0, 0, 0, 0, 0, 0, 0], "val_loss": [3, 2, 2, 2, 2, 1, 1, 1, 1, 1, 1, 1, 1, 1, 1], "val_top-1-accuracy": [0, 0, 0, 0, 0, 0, 0, 0, 0, 0, 0, 0, 0, 0, 0], "val_top-10-accuracy": [0, 0, 0, 0, 0, 0, 0, 0, 0, 0, 0, 0, 0, 0, 0], "val_top-1-throughput": [0, 0, 0, 0, 0, 0, 0, 0, 0, 0, 0, 0, 0, 0, 0], "val_top-10-throughput": [0, 0, 0, 0, 0, 0, 0, 0, 0, 0, 0, 0, 0, 0, 0]}}