{"correct": 1955, "top-k": [0.6224489795918368, 0.811734693877551, 0.8658163265306122, 0.8994897959183673, 0.9198979591836735, 0.9321428571428572, 0.9362244897959183, 0.9428571428571428, 0.9489795918367347, 0.9525510204081633, 0.9556122448979592, 0.9576530612244898, 0.9617346938775511, 0.963265306122449, 0.9658163265306122, 0.9678571428571429, 0.9693877551020408, 0.9714285714285714, 0.9719387755102041, 0.9724489795918367, 0.9744897959183674, 0.9755102040816327, 0.976530612244898, 0.9775510204081632, 0.9795918367346939, 0.9811224489795919, 0.9826530612244898, 0.9836734693877551, 0.9846938775510204, 0.9862244897959184, 0.9872448979591837, 0.9872448979591837, 0.9872448979591837, 0.9872448979591837, 0.988265306122449, 0.9887755102040816, 0.9903061224489796, 0.9908163265306122, 0.9913265306122448, 0.9923469387755102, 0.9923469387755102, 0.9928571428571429, 0.9928571428571429, 0.9928571428571429, 0.9928571428571429, 0.9928571428571429, 0.9933673469387755, 0.9933673469387755, 0.9933673469387755, 0.9933673469387755, 0.9938775510204082, 0.9938775510204082, 0.9943877551020408, 0.9943877551020408, 0.9943877551020408, 0.9943877551020408, 0.9943877551020408, 0.9943877551020408, 0.9943877551020408, 0.9943877551020408, 0.9948979591836735, 0.9948979591836735, 0.9948979591836735, 0.9954081632653061, 0.9959183673469387, 0.9959183673469387, 0.9964285714285714, 0.9964285714285714, 0.9964285714285714, 0.9964285714285714, 0.9964285714285714, 0.9964285714285714, 0.9964285714285714, 0.9964285714285714, 0.9964285714285714, 0.9964285714285714, 0.9964285714285714, 0.9964285714285714, 0.9964285714285714, 0.9964285714285714, 0.9964285714285714, 0.9964285714285714, 0.9964285714285714, 0.9964285714285714, 0.996938775510204, 0.996938775510204, 0.996938775510204, 0.996938775510204, 0.996938775510204, 0.996938775510204, 0.996938775510204, 0.996938775510204, 0.9974489795918368, 0.9974489795918368, 0.9974489795918368, 0.9974489795918368, 0.9974489795918368, 0.9974489795918368, 0.9974489795918368, 0.9974489795918368], "throughput-ratio-k": [0.7895334163683889, 0.8932044609355061, 0.9211604390319393, 0.9383012701815353, 0.9508464733423391, 0.9593042279701328, 0.9622169417513665, 0.967262905037458, 0.9723370637727369, 0.9732960361203106, 0.9751892023579362, 0.977255667536663, 0.9795614891246409, 0.9804462648337651, 0.9817023699125436, 0.9828101073103437, 0.9831755162205214, 0.9847443056729945, 0.984832546062802, 0.9848526805347806, 0.985572433638402, 0.9866137828833998, 0.9871401526764003, 0.9878128927085793, 0.9895192183073432, 0.9896581779593033, 0.9906620007086578, 0.9914718538451223, 0.9918714236597874, 0.992648428867763, 0.9927851001944988, 0.9927851001944988, 0.9927851001944988, 0.9927851001944988, 0.992828924160308, 0.9939241451917882, 0.9949375336803347, 0.9953880878777214, 0.9954620357808641, 0.9955403931879296, 0.9955403931879296, 0.9956096570556904, 0.9956096570556904, 0.9956096570556904, 0.9956096570556904, 0.9956096570556904, 0.9956264534512912, 0.9956264534512912, 0.9956264534512912, 0.9957142934685059, 0.99579985454869, 0.99579985454869, 0.9960318850792782, 0.9960318850792782, 0.9960318850792782, 0.9960318850792782, 0.9960318850792782, 0.9960318850792782, 0.9960318850792782, 0.9960318850792782, 0.9961668265362705, 0.9961668265362705, 0.9961668265362705, 0.9962363851168307, 0.996376021123737, 0.996376021123737, 0.9971009064046513, 0.9971009064046513, 0.9971009064046513, 0.9971009064046513, 0.9971009064046513, 0.9971009064046513, 0.9971009064046513, 0.9971009064046513, 0.9971009064046513, 0.9971009064046513, 0.9971009064046513, 0.9971009064046513, 0.9971009064046513, 0.9971009064046513, 0.9971009064046513, 0.9971009064046513, 0.9971009064046513, 0.9971009064046513, 0.9978257916855656, 0.9978257916855656, 0.9978257916855656, 0.9978257916855656, 0.9978257916855656, 0.9978257916855656, 0.9978257916855656, 0.9978257916855656, 0.9978314688467302, 0.9978314688467302, 0.9978314688467302, 0.9978314688467302, 0.9978314688467302, 0.9978314688467302, 0.9978314688467302, 0.9978314688467302], "history": {"loss": [3, 2, 2, 2, 2, 2, 2, 2, 2, 2, 2, 2, 2, 2, 2], "top-1-accuracy": [0, 0, 0, 0, 0, 0, 0, 0, 0, 0, 0, 0, 0, 0, 0], "top-10-accuracy": [0, 0, 0, 0, 0, 0, 0, 0, 0, 0, 0, 0, 0, 0, 0], "top-1-throughput": [0, 0, 0, 0, 0, 0, 0, 0, 0, 0, 0, 0, 0, 0, 0], "top-10-throughput": [0, 0, 0, 0, 0, 0, 0, 0, 0, 0, 0, 0, 0, 0, 0], "val_loss": [2, 2, 2, 1, 1, 1, 1, 1, 1, 1, 1, 1, 1, 1, 1], "val_top-1-accuracy": [0, 0, 0, 0, 0, 0, 0, 0, 0, 0, 0, 0, 0, 0, 0], "val_top-10-accuracy": [0, 0, 0, 0, 0, 0, 0, 0, 0, 0, 0, 0, 0, 0, 0], "val_top-1-throughput": [0, 0, 0, 0, 0, 0, 0, 0, 0, 0, 0, 0, 0, 0, 0], "val_top-10-throughput": [0, 0, 0, 0, 0, 0, 0, 0, 0, 0, 0, 0, 0, 0, 0]}}