{"correct": 1822, "top-k": [0.33877551020408164, 0.38418367346938775, 0.3948979591836735, 0.4448979591836735, 0.49183673469387756, 0.5668367346938775, 0.5918367346938775, 0.6239795918367347, 0.6454081632653061, 0.6586734693877551, 0.673469387755102, 0.6795918367346939, 0.6862244897959183, 0.6928571428571428, 0.6989795918367347, 0.701530612244898, 0.7056122448979592, 0.7107142857142857, 0.7198979591836735, 0.7285714285714285, 0.7372448979591837, 0.7474489795918368, 0.7561224489795918, 0.7653061224489796, 0.773469387755102, 0.7846938775510204, 0.7928571428571428, 0.8025510204081633, 0.814795918367347, 0.8346938775510204, 0.8464285714285714, 0.8489795918367347, 0.8510204081632653, 0.8540816326530613, 0.8591836734693877, 0.8627551020408163, 0.8678571428571429, 0.8709183673469387, 0.8729591836734694, 0.8770408163265306, 0.8806122448979592, 0.8841836734693878, 0.8872448979591837, 0.8887755102040816, 0.8923469387755102, 0.8959183673469387, 0.898469387755102, 0.8989795918367347, 0.9020408163265307, 0.9056122448979592, 0.9076530612244897, 0.9086734693877551, 0.9096938775510204, 0.9102040816326531, 0.9107142857142857, 0.911734693877551, 0.9127551020408163, 0.9142857142857143, 0.9158163265306123, 0.9158163265306123, 0.9168367346938775, 0.9168367346938775, 0.9168367346938775, 0.9178571428571428, 0.9188775510204081, 0.9198979591836735, 0.9209183673469388, 0.9219387755102041, 0.9219387755102041, 0.9219387755102041, 0.9219387755102041, 0.9219387755102041, 0.9224489795918367, 0.9224489795918367, 0.9229591836734694, 0.9229591836734694, 0.923469387755102, 0.923469387755102, 0.923469387755102, 0.9239795918367347, 0.9239795918367347, 0.9239795918367347, 0.9244897959183673, 0.9255102040816326, 0.9255102040816326, 0.9255102040816326, 0.9255102040816326, 0.9255102040816326, 0.9260204081632653, 0.9260204081632653, 0.926530612244898, 0.9270408163265306, 0.9270408163265306, 0.9275510204081633, 0.9275510204081633, 0.9285714285714286, 0.9285714285714286, 0.9285714285714286, 0.9295918367346939, 0.9295918367346939], "throughput-ratio-k": [0.4249589776671577, 0.46143718481045554, 0.4673582800740204, 0.5165844571310735, 0.5596440742413757, 0.6290111094730797, 0.6550781075077311, 0.6834441190225058, 0.6985021530072735, 0.7046272806473622, 0.7133173760563745, 0.720528742361305, 0.7263306659382334, 0.7334547847513709, 0.7408840662356543, 0.746662709333283, 0.750313751771488, 0.7555999125005506, 0.763818315060553, 0.7695199942589741, 0.7757667153957787, 0.7858776031560031, 0.7930465972597982, 0.8037649187577693, 0.8107153366180042, 0.8213206816011935, 0.8298636948354701, 0.8364986685296233, 0.8473001630569171, 0.8706785426361766, 0.8835595101292643, 0.8873285907541903, 0.8894655545199311, 0.8923549319262463, 0.8977485834051935, 0.9022396288905372, 0.9062224791004206, 0.9078994213703492, 0.9101597287083852, 0.9122840442005509, 0.9156015952817332, 0.9176246855272423, 0.9199716559086131, 0.9210683016101219, 0.9236008897064717, 0.9272890886981916, 0.9283429480220391, 0.9284228929861678, 0.9301325450217497, 0.9338677453783012, 0.9348097461514937, 0.9365659287546638, 0.9380156993164923, 0.938109394302461, 0.9382209169544821, 0.9390690761768472, 0.9405188467386757, 0.9422487375867639, 0.94371226227433, 0.94371226227433, 0.9438514663346979, 0.9438514663346979, 0.9438514663346979, 0.9440387649335299, 0.9442463473738019, 0.9444813340304452, 0.9452597447592107, 0.9466827811792464, 0.9466827811792464, 0.9466827811792464, 0.9466827811792464, 0.9466827811792464, 0.9469385329503881, 0.9469385329503881, 0.9471618690848329, 0.9471618690848329, 0.9472458844179302, 0.9472458844179302, 0.9472458844179302, 0.9477614534601189, 0.9477614534601189, 0.9477614534601189, 0.9479499363982842, 0.9480673826035445, 0.948193154916467, 0.948193154916467, 0.948193154916467, 0.948193154916467, 0.9489180401973814, 0.9489465554686204, 0.9494773263345837, 0.9495584814064919, 0.9495584814064919, 0.9495997994370506, 0.9495997994370506, 0.9497344831090342, 0.9497344831090342, 0.9497344831090342, 0.9498406085366461, 0.9498836098755902], "history": [{"loss": 15.970474243164062, "training-top-1-accuracy": 0.0, "training-top-10-accuracy": 0.0, "training-top-1-throughput": 0.0, "training-top-10-throughput": 0.0, "validation-top-1-accuracy": 0.0035714285913854837, "validation-top-10-accuracy": 0.02193877473473549, "validation-top-1-throughput": 0.006346547044813633, "validation-top-10-throughput": 0.05320875719189644}, {"loss": 13.654172897338867, "training-top-1-accuracy": 0.15587499737739563, "training-top-10-accuracy": 0.5301250219345093, "training-top-1-throughput": 0.22014334797859192, "training-top-10-throughput": 0.6380713582038879, "validation-top-1-accuracy": 0.30612245202064514, "validation-top-10-accuracy": 0.6729592084884644, "validation-top-1-throughput": 0.4109712839126587, "validation-top-10-throughput": 0.7363550066947937}, {"loss": 7.21348237991333, "training-top-1-accuracy": 0.21837499737739563, "training-top-10-accuracy": 0.5855000019073486, "training-top-1-throughput": 0.3019821345806122, "training-top-10-throughput": 0.6947541832923889, "validation-top-1-accuracy": 0.32295918464660645, "validation-top-10-accuracy": 0.6816326379776001, "validation-top-1-throughput": 0.4311496615409851, "validation-top-10-throughput": 0.7434176802635193}, {"loss": 12.17293643951416, "training-top-1-accuracy": 0.22750000655651093, "training-top-10-accuracy": 0.5960000157356262, "training-top-1-throughput": 0.31419065594673157, "training-top-10-throughput": 0.701373815536499, "validation-top-1-accuracy": 0.3316326439380646, "validation-top-10-accuracy": 0.6698979735374451, "validation-top-1-throughput": 0.43669140338897705, "validation-top-10-throughput": 0.7381690144538879}, {"loss": 11.368997573852539, "training-top-1-accuracy": 0.22962500154972076, "training-top-10-accuracy": 0.5954999923706055, "training-top-1-throughput": 0.31142911314964294, "training-top-10-throughput": 0.7012083530426025, "validation-top-1-accuracy": 0.3311224579811096, "validation-top-10-accuracy": 0.670918345451355, "validation-top-1-throughput": 0.4388156831264496, "validation-top-10-throughput": 0.7373777031898499}, {"loss": 11.287616729736328, "training-top-1-accuracy": 0.23512500524520874, "training-top-10-accuracy": 0.5957499742507935, "training-top-1-throughput": 0.3192830979824066, "training-top-10-throughput": 0.7015575766563416, "validation-top-1-accuracy": 0.33673468232154846, "validation-top-10-accuracy": 0.6719387769699097, "validation-top-1-throughput": 0.4417946934700012, "validation-top-10-throughput": 0.7416156530380249}, {"loss": 10.189523696899414, "training-top-1-accuracy": 0.24062499403953552, "training-top-10-accuracy": 0.5942500233650208, "training-top-1-throughput": 0.32229524850845337, "training-top-10-throughput": 0.7033211588859558, "validation-top-1-accuracy": 0.3341836631298065, "validation-top-10-accuracy": 0.670918345451355, "validation-top-1-throughput": 0.43787169456481934, "validation-top-10-throughput": 0.7400347590446472}, {"loss": 9.4002685546875, "training-top-1-accuracy": 0.24199999868869781, "training-top-10-accuracy": 0.5985000133514404, "training-top-1-throughput": 0.32449865341186523, "training-top-10-throughput": 0.7034698724746704, "validation-top-1-accuracy": 0.3244898021221161, "validation-top-10-accuracy": 0.672448992729187, "validation-top-1-throughput": 0.4365087151527405, "validation-top-10-throughput": 0.739414393901825}, {"loss": 13.336605072021484, "training-top-1-accuracy": 0.24137499928474426, "training-top-10-accuracy": 0.5964999794960022, "training-top-1-throughput": 0.3245638608932495, "training-top-10-throughput": 0.704620897769928, "validation-top-1-accuracy": 0.33265307545661926, "validation-top-10-accuracy": 0.6673469543457031, "validation-top-1-throughput": 0.43999576568603516, "validation-top-10-throughput": 0.7362562417984009}, {"loss": 12.250798225402832, "training-top-1-accuracy": 0.24525000154972076, "training-top-10-accuracy": 0.6023749709129333,