{"top-k-accuracy": [0.325, 0.5362244897959184, 0.638265306122449, 0.6969387755102041, 0.7520408163265306, 0.7994897959183673, 0.8168367346938775, 0.8331632653061225, 0.8663265306122448, 0.8831632653061224, 0.9025510204081633, 0.9051020408163265, 0.9107142857142857, 0.9183673469387755, 0.9244897959183673, 0.9306122448979591, 0.938265306122449, 0.9418367346938775, 0.9448979591836735, 0.9479591836734694, 0.9520408163265306, 0.9551020408163265, 0.9591836734693877, 0.9612244897959183, 0.9642857142857143, 0.9642857142857143, 0.9683673469387755, 0.9714285714285714, 0.9719387755102041, 0.9719387755102041, 0.9729591836734693, 0.975, 0.975, 0.9760204081632653, 0.9770408163265306, 0.9775510204081632, 0.9775510204081632, 0.9775510204081632, 0.9775510204081632, 0.9780612244897959, 0.9785714285714285, 0.9785714285714285, 0.9785714285714285, 0.9785714285714285, 0.9785714285714285, 0.9785714285714285, 0.9785714285714285, 0.9785714285714285, 0.9785714285714285, 0.9790816326530613, 0.9790816326530613, 0.9790816326530613, 0.9790816326530613, 0.9795918367346939, 0.9806122448979592, 0.9806122448979592, 0.9806122448979592, 0.9811224489795919, 0.9811224489795919, 0.9811224489795919, 0.9811224489795919, 0.9826530612244898, 0.9862244897959184, 0.986734693877551, 0.986734693877551, 0.9903061224489796, 0.9903061224489796, 0.9913265306122448, 0.9913265306122448, 0.9913265306122448, 0.9918367346938776, 0.9918367346938776, 0.9923469387755102, 0.9923469387755102, 0.9923469387755102, 0.9923469387755102, 0.9923469387755102, 0.9923469387755102, 0.9923469387755102, 0.9923469387755102, 0.9923469387755102, 0.9923469387755102, 0.9923469387755102, 0.9928571428571429, 0.9943877551020408, 0.9948979591836735, 0.9948979591836735, 0.9948979591836735, 0.9948979591836735, 0.9948979591836735, 0.9948979591836735, 0.9954081632653061, 0.9964285714285714, 0.9964285714285714, 0.9964285714285714, 0.996938775510204, 0.996938775510204, 0.996938775510204, 0.996938775510204, 0.9974489795918368], "top-k-throughput-ratio": [0.41422727264698805, 0.5975803821867033, 0.6998392704506651, 0.754252653921051, 0.797410619390796, 0.8429298583620438, 0.8572708212313319, 0.8755939119588169, 0.9104728446978709, 0.9232455702669433, 0.9382973616802808, 0.939888891588268, 0.9458054369953193, 0.9488830101452232, 0.9546743393481474, 0.9599651431833305, 0.9656693838738567, 0.9675595034032747, 0.9701658213390787, 0.9709490215863501, 0.9721960875075362, 0.9726904443679103, 0.9748733786531212, 0.9768488117621462, 0.9802034629601365, 0.9802034629601365, 0.9816831095825092, 0.9854547670342069, 0.985504452587854, 0.985504452587854, 0.9865687343476818, 0.9875712340665944, 0.9875712340665944, 0.9877698542627705, 0.98862849830695, 0.988687701095154, 0.988687701095154, 0.988687701095154, 0.988687701095154, 0.9888226853248339, 0.9889082464050182, 0.9889082464050182, 0.9889082464050182, 0.9889447155031592, 0.9891344943718612, 0.9891344943718612, 0.9891344943718612, 0.9891344943718612, 0.9891344943718612, 0.9891620203913174, 0.9899068178017401, 0.9899068178017401, 0.9899068178017401, 0.990098001795155, 0.9902572244904745, 0.9902572244904745, 0.9902572244904745, 0.9902672430905105, 0.9905144660665619, 0.9905144660665619, 0.9905144660665619, 0.9921726762791061, 0.9945321531600259, 0.9945534086088218, 0.9945534086088218, 0.9951348345622094, 0.9951348345622094, 0.99533646613225, 0.99533646613225, 0.99533646613225, 0.9960613514131643, 0.9960613514131643, 0.9960665834315628, 0.9960665834315628, 0.9960665834315628, 0.9960665834315628, 0.9960665834315628, 0.9960665834315628, 0.9960665834315628, 0.9960665834315628, 0.9960665834315628, 0.9960665834315628, 0.9960665834315628, 0.9967914687124771, 0.9971098920649819, 0.9972668142392824, 0.9972668142392824, 0.9972668142392824, 0.9972668142392824, 0.9972668142392824, 0.9972668142392824, 0.9974243600583153, 0.9974898251921098, 0.9975776652093242, 0.9975776652093242, 0.9976472237898842, 0.9976472237898842, 0.9976472237898842, 0.9976472237898842, 0.9984681137378371], "history": {"loss": [[9, 5, 4, 4, 3, 3, 3, 3, 3, 3, 3, 3, 3, 3, 3, 3, 3, 3, 3, 3, 2, 2, 2, 2, 2, 2, 2, 2, 2, 2]], "top-1-accuracy": [[0, 0, 0, 0, 0, 0, 0, 0, 0, 0, 0, 0, 0, 0, 0, 0, 0, 0, 0, 0, 0, 0, 0, 0, 0, 0, 0, 0, 0, 0]], "top-10-accuracy": [[0, 0, 0, 0, 0, 0, 0, 0, 0, 0, 0, 0, 0, 0, 0, 0, 0, 0, 0, 0, 0, 0, 0, 0, 0, 0, 0, 0, 0, 0]], "top-1-throughput": [[0, 0, 0, 0, 0, 0, 0, 0, 0, 0, 0, 0, 0, 0, 0, 0, 0, 0, 0, 0, 0, 0, 0, 0, 0, 0, 0, 0, 0, 0]], "top-10-throughput": [[0, 0, 0, 0, 0, 0, 0, 0, 0, 0, 0, 0, 0, 0, 0, 0, 0, 0, 0, 0, 0, 0, 0, 0, 0, 0, 0, 0, 0, 0]], "val_loss": [[8, 4, 5, 3, 3, 3, 3, 3, 3, 3, 2, 3, 2, 2, 2, 2, 2, 2, 2, 2, 2, 2, 2, 2, 2, 2, 2, 2, 2, 2]], "val_top-1-accuracy": [[0, 0, 0, 0, 0, 0, 0, 0, 0, 0, 0, 0, 0, 0, 0, 0, 0, 0, 0, 0, 0, 0, 0, 0, 0, 0, 0, 0, 0, 0]], "val_top-10-accuracy": [[0, 0, 0, 0, 0, 0, 0, 0, 0, 0, 0, 0, 0, 0, 0, 0, 0, 0, 0, 0, 0, 0, 0, 0, 0, 0, 0, 0, 0, 0]], "val_top-1-throughput": [[0, 0, 0, 0, 0, 0, 0, 0, 0, 0, 0, 0, 0, 0, 0, 0, 0, 0, 0, 0, 0, 0, 0, 0, 0, 0, 0, 0, 0, 0]], "val_top-10-throughput": [[0, 0, 0, 0, 0, 0, 0, 0, 0, 0, 0, 0, 0, 0, 0, 0, 0, 0, 0, 0, 0, 0, 0, 0, 0, 0, 0, 0, 0, 0]]}}