{"top-k-accuracy": [0.6316326530612245, 0.801530612244898, 0.8596938775510204, 0.8928571428571429, 0.9071428571428571, 0.9173469387755102, 0.9275510204081633, 0.9362244897959183, 0.9408163265306122, 0.9443877551020409, 0.9469387755102041, 0.9520408163265306, 0.9566326530612245, 0.9591836734693877, 0.9622448979591837, 0.9637755102040816, 0.9658163265306122, 0.9678571428571429, 0.9683673469387755, 0.9688775510204082, 0.9698979591836735, 0.9714285714285714, 0.9724489795918367, 0.9755102040816327, 0.976530612244898, 0.9770408163265306, 0.9785714285714285, 0.9790816326530613, 0.9806122448979592, 0.9816326530612245, 0.9821428571428571, 0.9841836734693877, 0.985204081632653, 0.9857142857142858, 0.9862244897959184, 0.9862244897959184, 0.9872448979591837, 0.9887755102040816, 0.9892857142857143, 0.9897959183673469, 0.9908163265306122, 0.9908163265306122, 0.9913265306122448, 0.9928571428571429, 0.9933673469387755, 0.9943877551020408, 0.9948979591836735, 0.9948979591836735, 0.9948979591836735, 0.9954081632653061, 0.9954081632653061, 0.9954081632653061, 0.9959183673469387, 0.9959183673469387, 0.9959183673469387, 0.9959183673469387, 0.9959183673469387, 0.9959183673469387, 0.9959183673469387, 0.9959183673469387, 0.9959183673469387, 0.9959183673469387, 0.9959183673469387, 0.9959183673469387, 0.9964285714285714, 0.996938775510204, 0.9974489795918368, 0.9974489795918368, 0.9974489795918368, 0.9974489795918368, 0.9974489795918368, 0.9974489795918368, 0.9974489795918368, 0.9974489795918368, 0.9974489795918368, 0.9974489795918368, 0.9974489795918368, 0.9974489795918368, 0.9974489795918368, 0.9974489795918368, 0.9974489795918368, 0.9974489795918368, 0.9979591836734694, 0.9979591836734694, 0.9979591836734694, 0.9979591836734694, 0.9979591836734694, 0.9979591836734694, 0.9979591836734694, 0.9979591836734694, 0.9979591836734694, 0.9979591836734694, 0.9989795918367347, 0.9989795918367347, 0.9994897959183674, 0.9994897959183674, 0.9994897959183674, 0.9994897959183674, 0.9994897959183674, 0.9994897959183674], "top-k-throughput-ratio": [0.8296447327729959, 0.9113272511104492, 0.9361470631590697, 0.9532260417432589, 0.9619866683918158, 0.9664885669975903, 0.9719333548131024, 0.9754371254174333, 0.9772371672168567, 0.9786275159056071, 0.9798975596413442, 0.9825245335687568, 0.9843783142850516, 0.9848018341779493, 0.9855937414091076, 0.9860241542651216, 0.9865927859075991, 0.9870666322586242, 0.9872209115763713, 0.9875424054021977, 0.9885348778593364, 0.9891266002136818, 0.9893856585433497, 0.9902631913229346, 0.9911567131912481, 0.9911757106470147, 0.9915635030499561, 0.9917622251461478, 0.9920616563853984, 0.9923740939246226, 0.9925459527099535, 0.993880745742956, 0.994386223674866, 0.9947859711924464, 0.9951239352894072, 0.9951239352894072, 0.9957501117324505, 0.9968439181701931, 0.9969531318222188, 0.9972305731152684, 0.9975010339163687, 0.9975010339163687, 0.9977792308540077, 0.9979756699946695, 0.9980970904437244, 0.9981242188827683, 0.998175332400292, 0.998175332400292, 0.998175332400292, 0.9981880861571564, 0.9981880861571564, 0.9981880861571564, 0.9983586665683883, 0.9983586665683883, 0.9983586665683883, 0.9983586665683883, 0.9983586665683883, 0.9983586665683883, 0.9984879877447179, 0.9984879877447179, 0.9984879877447179, 0.9985084075917521, 0.9985084075917521, 0.9985084075917521, 0.9985608501980779, 0.9988631708224049, 0.9991531123110486, 0.9991531123110486, 0.9991531123110486, 0.9991531123110486, 0.9991531123110486, 0.9991531123110486, 0.9991531123110486, 0.9991531123110486, 0.9991531123110486, 0.9991531123110486, 0.9991531123110486, 0.9991531123110486, 0.9991531123110486, 0.9991531123110486, 0.9991531123110486, 0.9991531123110486, 0.9994397391444763, 0.9994397391444763, 0.9994397391444763, 0.9994397391444763, 0.9994397391444763, 0.9994397391444763, 0.9994397391444763, 0.9994397391444763, 0.9994397391444763, 0.9994397391444763, 0.9995480575059439, 0.9995480575059439, 0.9999820984973343, 0.9999820984973343, 0.9999820984973343, 0.9999820984973343, 0.9999820984973343, 0.9999820984973343], "history": {"loss": [[4, 4, 4, 4, 4, 4, 4, 4, 4, 4, 4, 4, 4, 4, 4, 4, 4, 4, 4, 4, 4, 4, 4, 4, 4, 4, 4, 4, 4, 4]], "top-1-accuracy": [[0, 0, 0, 0, 0, 0, 0, 0, 0, 0, 0, 0, 0, 0, 0, 0, 0, 0, 0, 0, 0, 0, 0, 0, 0, 0, 0, 0, 0, 0]], "top-10-accuracy": [[0, 0, 0, 0, 0, 0, 0, 0, 0, 0, 0, 0, 0, 0, 0, 0, 0, 0, 0, 0, 0, 0, 0, 0, 0, 0, 0, 0, 0, 0]], "top-1-throughput": [[0, 0, 0, 0, 0, 0, 0, 0, 0, 0, 0, 0, 0, 0, 0, 0, 0, 0, 0, 0, 0, 0, 0, 0, 0, 0, 0, 0, 0, 0]], "top-10-throughput": [[0, 0, 0, 0, 0, 0, 0, 0, 0, 0, 0, 0, 0, 0, 0, 0, 0, 0, 0, 0, 0, 0, 0, 0, 0, 0, 0, 0, 0, 0]], "val_loss": [[4, 4, 4, 4, 4, 4, 4, 4, 4, 4, 4, 4, 4, 4, 4, 4, 4, 4, 4, 4, 4, 4, 4, 4, 4, 4, 4, 4, 4, 4]], "val_top-1-accuracy": [[0, 0, 0, 0, 0, 0, 0, 0, 0, 0, 0, 0, 0, 0, 0, 0, 0, 0, 0, 0, 0, 0, 0, 0, 0, 0, 0, 0, 0, 0]], "val_top-10-accuracy": [[0, 0, 0, 0, 0, 0, 0, 0, 0, 0, 0, 0, 0, 0, 0, 0, 0, 0, 0, 0, 0, 0, 0, 0, 0, 0, 0, 0, 0, 0]], "val_top-1-throughput": [[0, 0, 0, 0, 0, 0, 0, 0, 0, 0, 0, 0, 0, 0, 0, 0, 0, 0, 0, 0, 0, 0, 0, 0, 0, 0, 0, 0, 0, 0]], "val_top-10-throughput": [[0, 0, 0, 0, 0, 0, 0, 0, 0, 0, 0, 0, 0, 0, 0, 0, 0, 0, 0, 0, 0, 0, 0, 0, 0, 0, 0, 0, 0, 0]]}}