{"top-k-accuracy": [0.6377551020408163, 0.8341836734693877, 0.8908163265306123, 0.9127551020408163, 0.9209183673469388, 0.9295918367346939, 0.935204081632653, 0.9423469387755102, 0.9448979591836735, 0.9479591836734694, 0.9551020408163265, 0.9591836734693877, 0.9617346938775511, 0.9642857142857143, 0.9683673469387755, 0.9709183673469388, 0.9729591836734693, 0.9760204081632653, 0.9770408163265306, 0.9775510204081632, 0.9775510204081632, 0.9780612244897959, 0.9790816326530613, 0.9795918367346939, 0.9801020408163266, 0.9816326530612245, 0.9831632653061224, 0.9841836734693877, 0.9846938775510204, 0.9872448979591837, 0.9872448979591837, 0.9872448979591837, 0.9877551020408163, 0.9887755102040816, 0.9892857142857143, 0.9897959183673469, 0.9897959183673469, 0.9897959183673469, 0.9908163265306122, 0.9918367346938776, 0.9918367346938776, 0.9928571428571429, 0.9933673469387755, 0.9938775510204082, 0.9943877551020408, 0.9943877551020408, 0.9948979591836735, 0.9948979591836735, 0.9948979591836735, 0.9948979591836735, 0.9948979591836735, 0.9948979591836735, 0.9948979591836735, 0.9948979591836735, 0.9954081632653061, 0.9954081632653061, 0.9954081632653061, 0.9954081632653061, 0.9954081632653061, 0.9954081632653061, 0.9954081632653061, 0.9954081632653061, 0.9954081632653061, 0.9954081632653061, 0.9954081632653061, 0.9959183673469387, 0.9959183673469387, 0.9959183673469387, 0.9959183673469387, 0.9959183673469387, 0.9959183673469387, 0.9959183673469387, 0.9959183673469387, 0.9959183673469387, 0.9959183673469387, 0.9959183673469387, 0.9959183673469387, 0.996938775510204, 0.996938775510204, 0.996938775510204, 0.996938775510204, 0.9974489795918368, 0.9974489795918368, 0.9974489795918368, 0.9974489795918368, 0.9974489795918368, 0.9974489795918368, 0.9979591836734694, 0.9979591836734694, 0.9984693877551021, 0.9984693877551021, 0.9984693877551021, 0.9984693877551021, 0.9984693877551021, 0.9984693877551021, 0.9984693877551021, 0.9984693877551021, 0.9984693877551021, 0.9984693877551021, 0.9984693877551021], "top-k-throughput-ratio": [0.8012068422529333, 0.9089779179455386, 0.9365037981611871, 0.947762705183119, 0.950565598164115, 0.9568784524979974, 0.9623102966779336, 0.9663837809344901, 0.9687225644306892, 0.9704691130141416, 0.9735542827866089, 0.9764445197778069, 0.9788316817901191, 0.9806461998232363, 0.9826426298483144, 0.9835439609004362, 0.9852413604816966, 0.986084760690521, 0.9864166622268794, 0.9864660439150997, 0.986692719476251, 0.9874176047571653, 0.9875248953699708, 0.9876652607879325, 0.9881158149853193, 0.9887493908335947, 0.990264065964771, 0.9905337695267458, 0.9909395785743712, 0.9927871399764497, 0.9931010680148954, 0.9931010680148954, 0.9931148859682565, 0.9932111275996782, 0.9932634698524572, 0.9933287043785072, 0.9933287043785072, 0.9936524542163643, 0.9944512874004213, 0.9953679542605354, 0.9953679542605354, 0.996181079931257, 0.9962666410114414, 0.9962984552213027, 0.9963481407749498, 0.9963481407749498, 0.9965578505159054, 0.9965578505159054, 0.9965578505159054, 0.9965578505159054, 0.9965578505159054, 0.9965578505159054, 0.9965578505159054, 0.9965578505159054, 0.9965678691159415, 0.9965678691159415, 0.9965678691159415, 0.9965678691159415, 0.9965678691159415, 0.9965678691159415, 0.9965678691159415, 0.9965678691159415, 0.9965678691159415, 0.9965678691159415, 0.9965678691159415, 0.9965891245647374, 0.9965891245647374, 0.9965891245647374, 0.9965891245647374, 0.9965891245647374, 0.9965891245647374, 0.9965891245647374, 0.9965891245647374, 0.9965891245647374, 0.9965891245647374, 0.9965891245647374, 0.9965891245647374, 0.9978461803640587, 0.9978461803640587, 0.9978461803640587, 0.9978461803640587, 0.9982330393470166, 0.9982330393470166, 0.9982330393470166, 0.9982330393470166, 0.9982330393470166, 0.9982330393470166, 0.9989579246279309, 0.9989579246279309, 0.9990885246460516, 0.9990885246460516, 0.9990885246460516, 0.9990885246460516, 0.9990885246460516, 0.9990885246460516, 0.9990885246460516, 0.9990885246460516, 0.9990885246460516, 0.9990885246460516, 0.9990885246460516], "history": {"loss": [[3, 2, 2, 2, 2, 2, 2, 2, 2, 2, 2, 2, 2, 2, 2, 2, 2, 2, 2, 2, 2, 2, 2, 2, 1, 1, 1, 1, 1, 1]], "top-1-accuracy": [[0, 0, 0, 0, 0, 0, 0, 0, 0, 0, 0, 0, 0, 0, 0, 0, 0, 0, 0, 0, 0, 0, 0, 0, 0, 0, 0, 0, 0, 0]], "top-10-accuracy": [[0, 0, 0, 0, 0, 0, 0, 0, 0, 0, 0, 0, 0, 0, 0, 0, 0, 0, 0, 0, 0, 0, 0, 0, 0, 0, 0, 0, 0, 0]], "top-1-throughput": [[0, 0, 0, 0, 0, 0, 0, 0, 0, 0, 0, 0, 0, 0, 0, 0, 0, 0, 0, 0, 0, 0, 0, 0, 0, 0, 0, 0, 0, 0]], "top-10-throughput": [[0, 0, 0, 0, 0, 0, 0, 0, 0, 0, 0, 0, 0, 0, 0, 0, 0, 0, 0, 0, 0, 0, 0, 0, 0, 0, 0, 0, 0, 0]], "val_loss": [[4, 2, 1, 1, 1, 1, 1, 1, 1, 1, 1, 1, 1, 1, 1, 1, 1, 1, 1, 1, 1, 1, 1, 1, 1, 1, 1, 1, 1, 1]], "val_top-1-accuracy": [[0, 0, 0, 0, 0, 0, 0, 0, 0, 0, 0, 0, 0, 0, 0, 0, 0, 0, 0, 0, 0, 0, 0, 0, 0, 0, 0, 0, 0, 0]], "val_top-10-accuracy": [[0, 0, 0, 0, 0, 0, 0, 0, 0, 0, 0, 0, 0, 0, 0, 0, 0, 0, 0, 0, 0, 0, 0, 0, 0, 0, 0, 0, 0, 0]], "val_top-1-throughput": [[0, 0, 0, 0, 0, 0, 0, 0, 0, 0, 0, 0, 0, 0, 0, 0, 0, 0, 0, 0, 0, 0, 0, 0, 0, 0, 0, 0, 0, 0]], "val_top-10-throughput": [[0, 0, 0, 0, 0, 0, 0, 0, 0, 0, 0, 0, 0, 0, 0, 0, 0, 0, 0, 0, 0, 0, 0, 0, 0, 0, 0, 0, 0, 0]]}}