{"top-k-accuracy": [0.40714285714285714, 0.6535714285714286, 0.7739795918367347, 0.825, 0.8571428571428571, 0.886734693877551, 0.898469387755102, 0.9122448979591836, 0.9183673469387755, 0.9260204081632653, 0.9316326530612244, 0.9362244897959183, 0.9392857142857143, 0.9464285714285714, 0.9525510204081633, 0.9561224489795919, 0.9586734693877551, 0.9612244897959183, 0.9647959183673469, 0.9693877551020408, 0.9698979591836735, 0.9709183673469388, 0.9724489795918367, 0.9739795918367347, 0.975, 0.9755102040816327, 0.976530612244898, 0.976530612244898, 0.9770408163265306, 0.9826530612244898, 0.985204081632653, 0.986734693877551, 0.9872448979591837, 0.9872448979591837, 0.9877551020408163, 0.9887755102040816, 0.9892857142857143, 0.9892857142857143, 0.9897959183673469, 0.9897959183673469, 0.9897959183673469, 0.9908163265306122, 0.9908163265306122, 0.9913265306122448, 0.9913265306122448, 0.9913265306122448, 0.9918367346938776, 0.9918367346938776, 0.9918367346938776, 0.9918367346938776, 0.9918367346938776, 0.9918367346938776, 0.9918367346938776, 0.9923469387755102, 0.9928571428571429, 0.9933673469387755, 0.9933673469387755, 0.9933673469387755, 0.9933673469387755, 0.9933673469387755, 0.9938775510204082, 0.9943877551020408, 0.9948979591836735, 0.9948979591836735, 0.9954081632653061, 0.9959183673469387, 0.9959183673469387, 0.9959183673469387, 0.9959183673469387, 0.9959183673469387, 0.9959183673469387, 0.9959183673469387, 0.9959183673469387, 0.9959183673469387, 0.9964285714285714, 0.9964285714285714, 0.9964285714285714, 0.9964285714285714, 0.996938775510204, 0.996938775510204, 0.9974489795918368, 0.9974489795918368, 0.9974489795918368, 0.9974489795918368, 0.9979591836734694, 0.9979591836734694, 0.9979591836734694, 0.9984693877551021, 0.9984693877551021, 0.9984693877551021, 0.9984693877551021, 0.9984693877551021, 0.9984693877551021, 0.9984693877551021, 0.9984693877551021, 0.9984693877551021, 0.9984693877551021, 0.9984693877551021, 0.9984693877551021, 0.9984693877551021], "top-k-throughput-ratio": [0.5431471294915393, 0.7517098607200056, 0.8407070661126707, 0.8804869089006798, 0.9039026023948824, 0.9305969696413554, 0.9374887235327474, 0.9456354760848279, 0.9509894615099025, 0.9581859766965949, 0.9620887561480588, 0.9661258489937431, 0.9677395272205411, 0.9700559324435949, 0.9752095086659727, 0.978066492752457, 0.9797346399766447, 0.9814076435870734, 0.9836655771512209, 0.9844219858312762, 0.9846825088989963, 0.985278603862932, 0.9864374715746488, 0.9878744977026653, 0.9879891139169356, 0.9879906727893533, 0.9892491820811007, 0.9896875586491304, 0.9898422917910795, 0.9918103568991515, 0.9928787010127587, 0.9931037088506086, 0.9932343088687292, 0.9932343088687292, 0.9932398045529598, 0.9933571968500682, 0.9940820821309825, 0.9940820821309825, 0.9941033375797783, 0.9941033375797783, 0.9941033375797783, 0.9941961345534606, 0.9941961345534606, 0.9944238163857575, 0.9944411025531518, 0.9946883255292032, 0.9947201397390644, 0.9947201397390644, 0.9947201397390644, 0.9947201397390644, 0.9947201397390644, 0.9947201397390644, 0.9947201397390644, 0.9954694422896058, 0.9961943275705201, 0.9961995595889186, 0.9961995595889186, 0.9961995595889186, 0.9961995595889186, 0.9961995595889186, 0.9962877999787262, 0.9970126852596405, 0.9977375705405547, 0.9977375705405547, 0.9977942542322052, 0.9978073771132207, 0.9978073771132207, 0.9978073771132207, 0.9978073771132207, 0.9978073771132207, 0.9978073771132207, 0.9978073771132207, 0.9978073771132207, 0.9978952171304352, 0.998052762949468, 0.998052762949468, 0.998052762949468, 0.998052762949468, 0.9981223215300281, 0.9981223215300281, 0.9989432114779807, 0.9989432114779807, 0.9989432114779807, 0.9989432114779807, 0.9989488886391452, 0.9989488886391452, 0.9989488886391452, 0.9990885246460516, 0.9990885246460516, 0.9990885246460516, 0.9990885246460516, 0.9990885246460516, 0.9990885246460516, 0.9990885246460516, 0.9990885246460516, 0.9990885246460516, 0.9990885246460516, 0.9990885246460516, 0.9990885246460516, 0.9990885246460516], "history": {"loss": [4.309542179107666, 3.1194865703582764, 2.9977385997772217, 2.9580509662628174, 2.9063382148742676, 2.866541624069214, 2.8373310565948486, 2.8115923404693604, 2.798105478286743, 2.7641894817352295, 2.7538485527038574, 2.7480432987213135, 2.7291815280914307, 2.72579026222229, 2.719233274459839, 2.7121171951293945, 2.6951026916503906, 2.693650722503662, 2.693798303604126, 2.6832175254821777, 2.6865975856781006, 2.6599152088165283, 2.658259391784668, 2.654125690460205, 2.644345998764038, 2.659583330154419, 2.6337180137634277, 2.642376184463501, 2.6411514282226562, 2.6321489810943604], "top-1-accuracy": [0.16450075805187225, 0.209335058927536, 0.23868313431739807, 0.23868313431739807, 0.24409790337085724, 0.2607753872871399, 0.26694822311401367, 0.27463722229003906, 0.28167641162872314, 0.2853584587574005, 0.28427550196647644, 0.2822178900241852, 0.29456356167793274, 0.29337233304977417, 0.2949967384338379, 0.29001516103744507, 0.30138617753982544, 0.29369720816612244, 0.29792073369026184, 0.2981373071670532, 0.2972709536552429, 0.30301061272621155, 0.307775616645813, 0.30041152238845825, 0.31319037079811096, 0.3024691343307495, 0.3112410604953766, 0.309508353471756, 0.30994153022766113, 0.30734243988990784], "top-10-accuracy": [0.660277247428894, 0.7477799654006958, 0.7755035758018494, 0.7868745923042297, 0.7984622120857239, 0.811241090297699, 0.8151397109031677, 0.821962296962738, 0.8246697187423706, 0.8294346928596497, 0.8324669599533081, 0.8350660800933838, 0.8375568389892578, 0.8403725624084473, 0.8413472175598145, 0.8439462780952454, 0.8495776653289795, 0.849144458770752, 0.8497942090034485, 0.8523933291435242, 0.852501630783081, 0.857374906539917, 0.8552089929580688, 0.8566168546676636, 0.8582412600517273, 0.855967104434967, 0.8607320785522461, 0.8578081130981445, 0.8584578633308411, 0.8604071736335754], "top-1-throughput": [0.2372920960187912, 0.29707467555999756, 0.33116868138313293, 0.3345855474472046, 0.3428107798099518, 0.3597085475921631, 0.367203950881958, 0.3765146732330322, 0.38225215673446655, 0.3930690586566925, 0.39172881841659546, 0.3919791579246521, 0.4037502110004425, 0.40033242106437683, 0.4003940224647522, 0.39770951867103577, 0.40948015451431274, 0.4000900089740753, 0.40572482347488403, 0.40567079186439514, 0.4049127697944641, 0.4122363030910492, 0.42171844840049744, 0.41311705112457275, 0.422413170337677, 0.4101180136203766, 0.42002469301223755, 0.42076873779296875, 0.41878771781921387, 0.4195193648338318], "top-10-throughput": [0.7480893135070801, 0.8309244513511658, 0.8580312728881836, 0.8650383353233337, 0.8717120885848999, 0.8821474313735962, 0.8831468820571899, 0.8894991278648376, 0.8911722898483276, 0.894164502620697, 0.8964976072311401, 0.8973460793495178, 0.900409996509552, 0.9001682996749878, 0.9029855728149414, 0.9023331999778748, 0.9071593880653381, 0.9068923592567444, 0.9067481160163879, 0.9088683128356934, 0.9094710350036621, 0.9131349921226501, 0.9108651280403137, 0.9124102592468262, 0.913178026676178, 0.9115070700645447, 0.9162194132804871, 0.9128111600875854, 0.9130195379257202, 0.9143440127372742], "val_loss": [2.8797249794006348, 2.900653839111328, 2.619576930999756, 2.6061549186706543, 2.572279691696167, 2.4208390712738037, 2.5870068073272705, 2.4932844638824463, 2.4047749042510986, 2.799453020095825, 2.4373161792755127, 2.3306586742401123, 2.483551502227783, 2.2842037677764893, 2.3961665630340576, 2.4583704471588135, 2.288796901702881, 2.262653112411499, 2.3140525817871094, 2.244974374771118, 2.247680187225342, 2.281282663345337, 2.265162706375122, 2.3748581409454346, 2.3111963272094727, 2.301232099533081, 2.191676139831543, 2.38075590133667, 2.2118101119995117, 2.2374565601348877],