{"top-k-accuracy": [0.5331632653061225, 0.7224489795918367, 0.8193877551020409, 0.8765306122448979, 0.9020408163265307, 0.9163265306122449, 0.9270408163265306, 0.9316326530612244, 0.938265306122449, 0.9428571428571428, 0.948469387755102, 0.9510204081632653, 0.9545918367346938, 0.9576530612244898, 0.9596938775510204, 0.9622448979591837, 0.9642857142857143, 0.9653061224489796, 0.9693877551020408, 0.9714285714285714, 0.9739795918367347, 0.975, 0.9785714285714285, 0.9785714285714285, 0.9801020408163266, 0.9811224489795919, 0.9811224489795919, 0.9811224489795919, 0.9831632653061224, 0.9846938775510204, 0.985204081632653, 0.985204081632653, 0.9862244897959184, 0.9862244897959184, 0.986734693877551, 0.9872448979591837, 0.9872448979591837, 0.9887755102040816, 0.9897959183673469, 0.9908163265306122, 0.9913265306122448, 0.9918367346938776, 0.9928571428571429, 0.9938775510204082, 0.9938775510204082, 0.9938775510204082, 0.9938775510204082, 0.9943877551020408, 0.9943877551020408, 0.9943877551020408, 0.9943877551020408, 0.9943877551020408, 0.9943877551020408, 0.9948979591836735, 0.9948979591836735, 0.9948979591836735, 0.9954081632653061, 0.9959183673469387, 0.9959183673469387, 0.9959183673469387, 0.9959183673469387, 0.9964285714285714, 0.9964285714285714, 0.9964285714285714, 0.9964285714285714, 0.9964285714285714, 0.9964285714285714, 0.9964285714285714, 0.9964285714285714, 0.9964285714285714, 0.9964285714285714, 0.9964285714285714, 0.9964285714285714, 0.9964285714285714, 0.9964285714285714, 0.9964285714285714, 0.996938775510204, 0.996938775510204, 0.996938775510204, 0.996938775510204, 0.996938775510204, 0.996938775510204, 0.996938775510204, 0.996938775510204, 0.996938775510204, 0.996938775510204, 0.9974489795918368, 0.9974489795918368, 0.9974489795918368, 0.9974489795918368, 0.9974489795918368, 0.9974489795918368, 0.9974489795918368, 0.9974489795918368, 0.9974489795918368, 0.9979591836734694, 0.9979591836734694, 0.9979591836734694, 0.9979591836734694, 0.9979591836734694], "top-k-throughput-ratio": [0.7154286839364039, 0.8356455015363844, 0.8956740140740198, 0.9261107400174173, 0.93981997584466, 0.948459889030433, 0.9546652029838658, 0.9583227360673421, 0.9631055670268268, 0.9656665428690504, 0.9700746609545644, 0.9733267542026267, 0.9751231205250219, 0.9778371482633819, 0.980379807356205, 0.981524966725106, 0.9817547707224836, 0.9828716413556811, 0.9856386848169782, 0.9862222863444349, 0.9869336105976627, 0.9870611291586896, 0.9875267147660324, 0.9875267147660324, 0.9877011879955528, 0.9879860322115416, 0.9879860322115416, 0.9879860322115416, 0.9892349628792271, 0.9903641025248342, 0.9910889878057485, 0.9910889878057485, 0.9915398356494021, 0.9915398356494021, 0.9922647209303163, 0.9927948742662265, 0.9927948742662265, 0.9933381576442745, 0.9933856861725048, 0.9941218552003221, 0.9948734412637051, 0.9950992879939927, 0.9954943987554628, 0.9956047245527891, 0.9956047245527891, 0.9956047245527891, 0.9956047245527891, 0.9956544101064363, 0.9956544101064363, 0.9956544101064363, 0.9956544101064363, 0.9956544101064363, 0.9956544101064363, 0.9963792953873506, 0.9963792953873506, 0.9963792953873506, 0.9968298495847374, 0.9975547348656516, 0.9975547348656516, 0.9975547348656516, 0.9975547348656516, 0.9981347803571731, 0.9981347803571731, 0.9981347803571731, 0.9981347803571731, 0.9981347803571731, 0.9981347803571731, 0.9981347803571731, 0.9981347803571731, 0.9981347803571731, 0.9981391217960445, 0.9981391217960445, 0.9981391217960445, 0.9981391217960445, 0.9981391217960445, 0.9981391217960445, 0.9981447989572091, 0.9981447989572091, 0.9981447989572091, 0.9981447989572091, 0.9981447989572091, 0.9981447989572091, 0.9981447989572091, 0.9981447989572091, 0.9981447989572091, 0.9981447989572091, 0.9982330393470166, 0.9982330393470166, 0.9982330393470166, 0.9982330393470166, 0.9982330393470166, 0.9982330393470166, 0.9982330393470166, 0.9982330393470166, 0.9982330393470166, 0.9983636393651374, 0.9983636393651374, 0.9983636393651374, 0.9983636393651374, 0.9983636393651374], "history": {"loss": [[2, 2, 2, 1, 1, 1, 1, 1, 1, 1, 1, 1, 1, 1, 1, 1, 1, 1, 1, 1, 1, 0, 0, 0, 0, 0, 0, 0, 0, 0]], "top-1-accuracy": [[0, 0, 0, 0, 0, 0, 0, 0, 0, 0, 0, 0, 0, 0, 0, 0, 0, 0, 0, 0, 0, 0, 0, 0, 0, 0, 0, 0, 0, 0]], "top-10-accuracy": [[0, 0, 0, 0, 0, 0, 0, 0, 0, 0, 0, 0, 0, 0, 0, 0, 0, 0, 0, 0, 0, 0, 0, 0, 0, 0, 0, 0, 0, 0]], "top-1-throughput": [[0, 0, 0, 0, 0, 0, 0, 0, 0, 0, 0, 0, 0, 0, 0, 0, 0, 0, 0, 0, 0, 0, 0, 0, 0, 0, 0, 0, 0, 0]], "top-10-throughput": [[0, 0, 0, 0, 0, 0, 0, 0, 0, 0, 0, 0, 0, 0, 0, 0, 0, 0, 0, 0, 0, 0, 0, 0, 0, 0, 0, 0, 0, 0]], "val_loss": [[1, 1, 1, 1, 1, 1, 1, 1, 1, 1, 1, 1, 1, 1, 1, 1, 1, 1, 2, 1, 2, 2, 2, 2, 2, 2, 2, 2, 2, 2]], "val_top-1-accuracy": [[0, 0, 0, 0, 0, 0, 0, 0, 0, 0, 0, 0, 0, 0, 0, 0, 0, 0, 0, 0, 0, 0, 0, 0, 0, 0, 0, 0, 0, 0]], "val_top-10-accuracy": [[0, 0, 0, 0, 0, 0, 0, 0, 0, 0, 0, 0, 0, 0, 0, 0, 0, 0, 0, 0, 0, 0, 0, 0, 0, 0, 0, 0, 0, 0]], "val_top-1-throughput": [[0, 0, 0, 0, 0, 0, 0, 0, 0, 0, 0, 0, 0, 0, 0, 0, 0, 0, 0, 0, 0, 0, 0, 0, 0, 0, 0, 0, 0, 0]], "val_top-10-throughput": [[0, 0, 0, 0, 0, 0, 0, 0, 0, 0, 0, 0, 0, 0, 0, 0, 0, 0, 0, 0, 0, 0, 0, 0, 0, 0, 0, 0, 0, 0]]}}