{"top-k-accuracy": [0.3464285714285714, 0.5244897959183673, 0.6306122448979592, 0.6943877551020409, 0.7112244897959183, 0.7336734693877551, 0.7693877551020408, 0.7908163265306123, 0.814795918367347, 0.8530612244897959, 0.8775510204081632, 0.8887755102040816, 0.8948979591836734, 0.9081632653061225, 0.9127551020408163, 0.9163265306122449, 0.9209183673469388, 0.9270408163265306, 0.9326530612244898, 0.9362244897959183, 0.9377551020408164, 0.9387755102040817, 0.9418367346938775, 0.9428571428571428, 0.9459183673469388, 0.9464285714285714, 0.9464285714285714, 0.9505102040816327, 0.9510204081632653, 0.9530612244897959, 0.9535714285714286, 0.9545918367346938, 0.9576530612244898, 0.963265306122449, 0.9663265306122449, 0.9663265306122449, 0.9668367346938775, 0.9673469387755103, 0.9678571428571429, 0.9704081632653061, 0.9714285714285714, 0.9719387755102041, 0.9729591836734693, 0.9729591836734693, 0.9734693877551021, 0.9739795918367347, 0.9744897959183674, 0.975, 0.975, 0.9755102040816327, 0.9755102040816327, 0.9770408163265306, 0.9785714285714285, 0.9801020408163266, 0.9801020408163266, 0.9806122448979592, 0.9806122448979592, 0.9811224489795919, 0.9821428571428571, 0.9821428571428571, 0.9821428571428571, 0.9826530612244898, 0.9826530612244898, 0.9831632653061224, 0.9831632653061224, 0.9831632653061224, 0.9831632653061224, 0.9831632653061224, 0.9831632653061224, 0.9831632653061224, 0.9831632653061224, 0.9841836734693877, 0.9841836734693877, 0.9841836734693877, 0.9841836734693877, 0.9841836734693877, 0.9846938775510204, 0.9846938775510204, 0.9857142857142858, 0.9857142857142858, 0.9857142857142858, 0.9857142857142858, 0.986734693877551, 0.986734693877551, 0.9872448979591837, 0.9872448979591837, 0.9872448979591837, 0.9877551020408163, 0.9877551020408163, 0.988265306122449, 0.988265306122449, 0.988265306122449, 0.9887755102040816, 0.9892857142857143, 0.9892857142857143, 0.9892857142857143, 0.9897959183673469, 0.9897959183673469, 0.9923469387755102, 0.9923469387755102], "top-k-throughput-ratio": [0.5278274030637184, 0.6813884733032597, 0.7780169508817718, 0.8105449916772702, 0.8238879398054879, 0.8432383137019336, 0.8715586362327664, 0.8830018371157589, 0.898274228057716, 0.9249780630799984, 0.938728460176689, 0.9444546044334243, 0.948613591097168, 0.9562225970869263, 0.9591682671583747, 0.9607609804741428, 0.963207624912148, 0.9655999854873418, 0.9682081768396928, 0.9717903413499229, 0.9724624010986059, 0.9726581497521016, 0.9732760133250449, 0.9737563594077743, 0.9751908864490367, 0.9754851401223521, 0.975537128754516, 0.9775217606812933, 0.9777932296653048, 0.9798027907130609, 0.9800974176204194, 0.9806993268890819, 0.9821289628674392, 0.9853612787189424, 0.9867426018875426, 0.9867627958203721, 0.9870531410461604, 0.9876133506609124, 0.9877616272434383, 0.98870270640338, 0.9892844773863646, 0.9895018859259904, 0.9896981163082995, 0.9896981163082995, 0.9898007711600983, 0.989865671256842, 0.9898835727595077, 0.9899529489806371, 0.9899529489806371, 0.9900969615745593, 0.9900969615745593, 0.9904761862792203, 0.991421400453752, 0.9918793073716041, 0.9918793073716041, 0.9921494571137615, 0.9922962139645735, 0.9922976826689527, 0.9930455947181471, 0.9930455947181471, 0.9932288858117706, 0.9933400854098928, 0.9944743395712173, 0.9945522604765196, 0.9945709328719753, 0.9945709328719753, 0.9945709328719753, 0.9945709328719753, 0.9945772924450902, 0.9945772924450902, 0.9945772924450902, 0.994723253024121, 0.994723253024121, 0.9948568775387789, 0.9949804496926008, 0.9949859164717836, 0.9951357374108989, 0.9951357374108989, 0.9952392935347483, 0.9952392935347483, 0.9952392935347483, 0.9952392935347483, 0.995363484799475, 0.995363484799475, 0.9955113138906938, 0.9955113138906938, 0.9955113138906938, 0.9956818943019258, 0.9956818943019258, 0.9960916156593236, 0.9960916156593236, 0.9960916156593236, 0.9963815571479674, 0.9963887282514362, 0.9963887282514362, 0.9963887282514362, 0.9969748012595716, 0.9969748012595716, 0.9974270531798708, 0.997821135337761], "history": {"loss": [10.017274856567383, 5.264500141143799, 5.213682651519775, 5.147526741027832, 5.0800886154174805, 5.0522990226745605, 5.01004695892334, 4.977616786956787, 4.946948051452637, 4.933443069458008, 4.913689613342285, 4.908287525177002, 4.897847652435303, 4.896218776702881, 4.888692378997803, 4.885232448577881, 4.879505157470703, 4.876707553863525, 4.873409271240234, 4.869175434112549, 4.866087913513184, 4.862603664398193, 4.86025333404541, 4.855386257171631, 4.85586404800415, 4.852275848388672, 4.850839138031006, 4.847200870513916, 4.847584247589111, 4.845258712768555], "top-1-accuracy": [0.09551656991243362, 0.11576781421899796, 0.1051548644900322, 0.12020792812108994, 0.1315789520740509, 0.1375351995229721, 0.15583711862564087, 0.1658003032207489, 0.17240633070468903, 0.18648472428321838, 0.18702620267868042, 0.1904916614294052, 0.1923326849937439, 0.19298245012760162, 0.2025124579668045, 0.20207926630973816, 0.20814381539821625, 0.20413687825202942, 0.20749405026435852, 0.20868529379367828, 0.20576131343841553, 0.20467835664749146, 0.20911847054958344, 0.20911847054958344, 0.21399177610874176, 0.21171756088733673, 0.21247562766075134, 0.22038120031356812, 0.2248213142156601, 0.213775172829628], "top-10-accuracy": [0.4786657989025116, 0.5181936025619507, 0.5416937470436096, 0.5658436417579651, 0.5923759937286377, 0.60612952709198, 0.6242148876190186, 0.6441411972045898, 0.666233479976654, 0.6740307807922363, 0.6856183409690857, 0.6884340643882751, 0.7040286064147949, 0.7026207447052002, 0.7034870982170105, 0.7067359685897827, 0.7111760973930359, 0.709876537322998, 0.7150747179985046, 0.7168074250221252, 0.720489501953125, 0.7234134674072266, 0.7187567949295044, 0.7233051657676697, 0.7295863032341003, 0.7343513369560242, 0.7261208295822144, 0.7341347336769104, 0.731102466583252, 0.7400909662246704], "top-1-throughput": [0.23461897671222687, 0.26163917779922485, 0.25775596499443054, 0.2769941985607147, 0.29440370202064514, 0.3027462065219879, 0.32569167017936707, 0.34087106585502625, 0.35273799300193787, 0.36478936672210693, 0.3697902262210846, 0.3728077709674835, 0.3793488144874573, 0.37897995114326477, 0.3918677270412445, 0.38773345947265625, 0.390502005815506, 0.3909120559692383, 0.3948487639427185, 0.3940453827381134, 0.39416369795799255, 0.39389634132385254, 0.3964860141277313, 0.39966535568237305, 0.3987116813659668, 0.3976883888244629, 0.3977356553077698, 0.41037189960479736, 0.4083431661128998, 0.4009452760219574], "top-10-throughput": [0.6597066521644592, 0.7001304030418396, 0.7173148989677429, 0.7354242205619812, 0.7595261335372925, 0.7714041471481323, 0.7806273698806763, 0.7956620454788208, 0.8117308020591736, 0.8191136717796326, 0.8255065679550171, 0.8264929056167603, 0.8352408409118652, 0.8351883888244629, 0.8350338935852051, 0.8374795913696289, 0.8401371836662292, 0.8397001028060913, 0.8463771939277649, 0.8431130051612854, 0.8464674949645996, 0.8494457006454468, 0.8445666432380676, 0.8474414944648743, 0.8502483367919922, 0.8529980182647705, 0.8514562845230103, 0.8536443710327148, 0.8514682650566101, 0.8584606647491455], "val_loss": [5.521787643432617, 5.368434429168701, 5.157999038696289, 5.201301574707031, 5.593265533447266, 4.980306148529053, 4.950315475463867, 4.888575553894043, 4.916520118713379, 4.806798934936523, 4.847792148590088, 4.812839031219482, 4.811136245727539, 4.796749591827393, 4.802898406982422, 4.801181316375732, 4.793246746063232, 4.789327144622803, 4.810718059539795, 4.772276878356934, 4.753289222717285, 4.7476396560668945, 4.734905242919922, 4.794445037841797, 4.738465785980225, 4.742214679718018, 4.763746738433838, 4.74489164352417, 4.754973411560059, 4.745567321777344],