{"top-k-accuracy": [0.5556122448979591, 0.7642857142857142, 0.8653061224489796, 0.9015306122448979, 0.9178571428571428, 0.926530612244898, 0.9316326530612244, 0.9408163265306122, 0.9474489795918367, 0.9505102040816327, 0.9561224489795919, 0.9581632653061225, 0.9607142857142857, 0.9617346938775511, 0.9673469387755103, 0.9688775510204082, 0.9709183673469388, 0.9724489795918367, 0.9729591836734693, 0.9739795918367347, 0.9755102040816327, 0.976530612244898, 0.9770408163265306, 0.9780612244897959, 0.9780612244897959, 0.9785714285714285, 0.9811224489795919, 0.9811224489795919, 0.9816326530612245, 0.9831632653061224, 0.9831632653061224, 0.9841836734693877, 0.9841836734693877, 0.9841836734693877, 0.9846938775510204, 0.9846938775510204, 0.985204081632653, 0.985204081632653, 0.9857142857142858, 0.9862244897959184, 0.9872448979591837, 0.9872448979591837, 0.9877551020408163, 0.988265306122449, 0.988265306122449, 0.988265306122449, 0.988265306122449, 0.988265306122449, 0.9892857142857143, 0.9903061224489796, 0.9903061224489796, 0.9908163265306122, 0.9908163265306122, 0.9908163265306122, 0.9908163265306122, 0.9913265306122448, 0.9913265306122448, 0.9913265306122448, 0.9913265306122448, 0.9913265306122448, 0.9913265306122448, 0.9913265306122448, 0.9918367346938776, 0.9918367346938776, 0.9923469387755102, 0.9923469387755102, 0.9928571428571429, 0.9933673469387755, 0.9933673469387755, 0.9933673469387755, 0.9943877551020408, 0.9943877551020408, 0.9943877551020408, 0.9943877551020408, 0.9943877551020408, 0.9948979591836735, 0.9948979591836735, 0.9948979591836735, 0.9948979591836735, 0.9948979591836735, 0.9948979591836735, 0.9948979591836735, 0.9948979591836735, 0.9948979591836735, 0.9954081632653061, 0.9954081632653061, 0.9954081632653061, 0.9954081632653061, 0.9959183673469387, 0.9959183673469387, 0.9964285714285714, 0.9964285714285714, 0.9964285714285714, 0.996938775510204, 0.996938775510204, 0.9974489795918368, 0.9974489795918368, 0.9974489795918368, 0.9974489795918368, 0.9974489795918368], "top-k-throughput-ratio": [0.7236155709943929, 0.8644959779621711, 0.922655710021106, 0.9442345400183265, 0.9508575845935822, 0.9554186172071176, 0.9600785980523574, 0.9644405221478038, 0.9679314619494059, 0.9700517781380239, 0.9741474559041604, 0.9751953487610485, 0.9765569010645794, 0.9773008165748255, 0.9812471899745894, 0.9818855492971089, 0.9835040916008999, 0.9849285879025298, 0.9851544346328174, 0.9852562476692251, 0.9860970626331548, 0.9865805101440674, 0.9866660712242518, 0.9867772197975064, 0.9870010380662742, 0.9870868877747692, 0.9889105372788752, 0.9889105372788752, 0.9896354225597895, 0.9900631722111933, 0.9900631722111933, 0.9902422478845033, 0.9902422478845033, 0.9902422478845033, 0.9902919334381504, 0.9902919334381504, 0.9907690919045111, 0.9907690919045111, 0.9907772185873478, 0.9915021038682621, 0.9915585619893711, 0.9915585619893711, 0.9920887153252811, 0.9922472454798874, 0.9922472454798874, 0.9922472454798874, 0.9922472454798874, 0.9922472454798874, 0.9928618201417043, 0.9931519656920431, 0.9931519656920431, 0.9938768509729573, 0.9941717343894183, 0.9944274383540898, 0.9944274383540898, 0.9952069492573498, 0.9952069492573498, 0.9952069492573498, 0.9952069492573498, 0.9952069492573498, 0.9952069492573498, 0.9952069492573498, 0.995931834538264, 0.995931834538264, 0.9964332922400531, 0.9964332922400531, 0.9966288052838499, 0.9966889486024488, 0.9966889486024488, 0.9966889486024488, 0.9968347416832426, 0.9968347416832426, 0.9968347416832426, 0.9968347416832426, 0.9968347416832426, 0.9969229820730502, 0.9969229820730502, 0.9969229820730502, 0.9969229820730502, 0.9969229820730502, 0.9969229820730502, 0.9972933178236162, 0.9972933178236162, 0.9972933178236162, 0.9977438720210028, 0.9977438720210028, 0.9977438720210028, 0.9977438720210028, 0.9977495491821675, 0.9977495491821675, 0.9984744344630817, 0.9984744344630817, 0.9984744344630817, 0.9985988517416233, 0.9985988517416233, 0.9986598150971314, 0.9986598150971314, 0.9986598150971314, 0.9986598150971314, 0.9986598150971314], "history": {"loss": [3.6807005405426025, 2.936025619506836, 2.7427818775177, 2.6247925758361816, 2.5263683795928955, 2.4371497631073, 2.3748648166656494, 2.3152029514312744, 2.2731125354766846, 2.2362656593322754, 2.202181816101074, 2.1690943241119385, 2.149087905883789, 2.1201159954071045, 2.1031289100646973, 2.0854899883270264, 2.06903338432312, 2.0542185306549072, 2.043515682220459, 2.0295751094818115, 2.0178396701812744, 2.0023763179779053, 1.9923065900802612, 1.9834938049316406, 1.9716668128967285, 1.964481234550476, 1.9524197578430176, 1.938808798789978, 1.9325073957443237, 1.925073266029358], "top-1-accuracy": [0.17955382168293, 0.2685726583003998, 0.2984622120857239, 0.32022958993911743, 0.3434047996997833, 0.37145331501960754, 0.4016677439212799, 0.4249512553215027, 0.4427117109298706, 0.45516568422317505, 0.47054365277290344, 0.4803985357284546, 0.4855967164039612, 0.4989170432090759, 0.4981589913368225, 0.5023825168609619, 0.5066060423851013, 0.5089884996414185, 0.509421706199646, 0.5166774988174438, 0.5206844210624695, 0.5260992050170898, 0.5265323519706726, 0.5290231704711914, 0.5278319120407104, 0.5325969457626343, 0.5336799025535583, 0.5348711013793945, 0.5403941869735718, 0.5408273935317993], "top-10-accuracy": [0.6781460046768188, 0.803118884563446, 0.8327918648719788, 0.850227415561676, 0.866796612739563, 0.8801169395446777, 0.8888888955116272, 0.8935455679893494, 0.897335946559906, 0.9039419293403625, 0.9075157046318054, 0.9088152647018433, 0.9119558334350586, 0.9169374108314514, 0.9194282293319702, 0.9232185482978821, 0.9241932034492493, 0.9274420738220215, 0.9283084273338318, 0.9299328327178955, 0.9322070479393005, 0.9339398145675659, 0.9351310133934021, 0.9354559183120728, 0.9353476166725159, 0.9372969269752502, 0.9402209520339966, 0.9406540989875793, 0.94097900390625, 0.9391379952430725], "top-1-throughput": [0.25866958498954773, 0.3677538335323334, 0.4101451635360718, 0.4363808035850525, 0.46851029992103577, 0.498047411441803, 0.5353570580482483, 0.559291422367096, 0.5817936062812805, 0.5902947783470154, 0.6058304309844971, 0.620301365852356, 0.6248367428779602, 0.6335977911949158, 0.6413690447807312, 0.6456261873245239, 0.648643434047699, 0.6515516042709351, 0.6513684988021851, 0.6578224301338196, 0.6619253754615784, 0.6684278845787048, 0.668339192867279, 0.6699875593185425, 0.6745133996009827, 0.677193820476532, 0.6794232130050659, 0.6803325414657593, 0.6846563220024109, 0.6868793368339539], "top-10-throughput": [0.7623487114906311, 0.8726328611373901, 0.8946918845176697, 0.9066160321235657, 0.9174097180366516, 0.9306225180625916, 0.9360644221305847, 0.9390001893043518, 0.9425250291824341, 0.947252094745636, 0.949684202671051, 0.9498600363731384, 0.9524065852165222, 0.9562041163444519, 0.9565392732620239, 0.9602339267730713, 0.96070396900177, 0.9619156718254089, 0.9633538126945496, 0.9660457968711853, 0.9659122228622437, 0.9668875336647034, 0.9690496325492859, 0.9685624837875366, 0.9697597622871399, 0.9703543186187744, 0.972172200679779, 0.9729843139648438, 0.9735646843910217, 0.9732249975204468], "val_loss": [3.1272313594818115, 2.8743274211883545, 2.6646888256073, 2.4471819400787354, 2.2106053829193115, 2.1242239475250244, 2.1001193523406982, 1.965662956237793, 1.975969672203064, 1.986452341079712, 1.8667848110198975, 1.8851680755615234, 1.8436105251312256, 1.9824694395065308, 1.843582272529602, 1.8520194292068481, 1.818953275680542, 1.8395216464996338, 1.8131530284881592, 1.8183679580688477, 1.8338587284088135, 1.839406967163086, 1.8493545055389404, 1.8401541709899902, 1.8364523649215698, 1.8571354150772095, 1.8750239610671997, 1.8480018377304077, 1.878039002418518, 1.8582322597503662],