{"top-k-accuracy": [0.5612244897959183, 0.7948979591836735, 0.8724489795918368, 0.9061224489795918, 0.9219387755102041, 0.9306122448979591, 0.9418367346938775, 0.9464285714285714, 0.9505102040816327, 0.9545918367346938, 0.9617346938775511, 0.9637755102040816, 0.9668367346938775, 0.9698979591836735, 0.9739795918367347, 0.9755102040816327, 0.9770408163265306, 0.9775510204081632, 0.9785714285714285, 0.9795918367346939, 0.9801020408163266, 0.9811224489795919, 0.9826530612244898, 0.9846938775510204, 0.9862244897959184, 0.9872448979591837, 0.988265306122449, 0.9887755102040816, 0.9892857142857143, 0.9892857142857143, 0.9908163265306122, 0.9908163265306122, 0.9908163265306122, 0.9913265306122448, 0.9918367346938776, 0.9923469387755102, 0.9923469387755102, 0.9923469387755102, 0.9923469387755102, 0.9928571428571429, 0.9928571428571429, 0.9928571428571429, 0.9938775510204082, 0.9938775510204082, 0.9938775510204082, 0.9938775510204082, 0.9938775510204082, 0.9948979591836735, 0.9948979591836735, 0.9948979591836735, 0.9948979591836735, 0.9948979591836735, 0.9948979591836735, 0.9948979591836735, 0.9948979591836735, 0.9954081632653061, 0.9954081632653061, 0.9959183673469387, 0.9964285714285714, 0.9964285714285714, 0.9964285714285714, 0.9964285714285714, 0.9964285714285714, 0.9964285714285714, 0.9964285714285714, 0.9964285714285714, 0.9964285714285714, 0.9964285714285714, 0.9964285714285714, 0.9964285714285714, 0.9964285714285714, 0.9964285714285714, 0.9964285714285714, 0.9964285714285714, 0.9964285714285714, 0.9964285714285714, 0.9964285714285714, 0.9964285714285714, 0.9964285714285714, 0.9964285714285714, 0.9964285714285714, 0.9964285714285714, 0.9964285714285714, 0.9964285714285714, 0.9964285714285714, 0.9974489795918368, 0.9974489795918368, 0.9974489795918368, 0.9974489795918368, 0.9974489795918368, 0.9974489795918368, 0.9974489795918368, 0.9974489795918368, 0.9974489795918368, 0.9974489795918368, 0.9974489795918368, 0.9979591836734694, 0.9979591836734694, 0.9984693877551021, 0.9984693877551021], "top-k-throughput-ratio": [0.7406847702682249, 0.8914799377287291, 0.9307560117286996, 0.9463372772602137, 0.955309717254272, 0.9621717868181644, 0.9687485949306498, 0.9722460126394705, 0.9745278207499591, 0.9763889312670974, 0.9803445527005876, 0.9813881687841097, 0.9836227308404015, 0.9850612542745284, 0.9865709075052728, 0.9873708590861663, 0.9877555647586489, 0.9884804500395632, 0.9891910267098032, 0.9900247549109824, 0.9902017273716247, 0.9909211376109228, 0.9917269757323103, 0.9920573109503166, 0.9928210246141935, 0.994456700799318, 0.9946967749264846, 0.9947620094525347, 0.9947729594704072, 0.9947729594704072, 0.9953407419669336, 0.9955777371082449, 0.9955777371082449, 0.9956804381204855, 0.9959060644993082, 0.9963107225716406, 0.9963107225716406, 0.9963107225716406, 0.9963107225716406, 0.9963275189672414, 0.9963295744207155, 0.9963295744207155, 0.9971240182821899, 0.9971240182821899, 0.9973712412582413, 0.9973712412582413, 0.9973712412582413, 0.997505665511758, 0.997505665511758, 0.9979663140086193, 0.9979663140086193, 0.9979663140086193, 0.9979663140086193, 0.9979663140086193, 0.9979663140086193, 0.9980545543984267, 0.9980545543984267, 0.9980626810812635, 0.9981932810993843, 0.9981932810993843, 0.9981932810993843, 0.9981932810993843, 0.9981932810993843, 0.9981932810993843, 0.9981932810993843, 0.9981932810993843, 0.9981932810993843, 0.9981932810993843, 0.9981932810993843, 0.9981932810993843, 0.9981976225382558, 0.9981976225382558, 0.9981976225382558, 0.9981976225382558, 0.9981976225382558, 0.9981976225382558, 0.9981976225382558, 0.9981976225382558, 0.9981976225382558, 0.9981976225382558, 0.9981976225382558, 0.9981976225382558, 0.9981976225382558, 0.9981976225382558, 0.9981976225382558, 0.9989432114779807, 0.9989432114779807, 0.9989432114779807, 0.9989432114779807, 0.9989432114779807, 0.9989432114779807, 0.9989432114779807, 0.9989432114779807, 0.9989432114779807, 0.9989432114779807, 0.9989432114779807, 0.9989488886391452, 0.9989488886391452, 0.9990885246460516, 0.9990885246460516], "history": {"loss": [[3, 2, 2, 2, 2, 2, 2, 2, 2, 2, 2, 2, 2, 2, 2, 2, 2, 2, 2, 2, 1, 1, 1, 1, 1, 1, 1, 1, 1, 1]], "top-1-accuracy": [[0, 0, 0, 0, 0, 0, 0, 0, 0, 0, 0, 0, 0, 0, 0, 0, 0, 0, 0, 0, 0, 0, 0, 0, 0, 0, 0, 0, 0, 0]], "top-10-accuracy": [[0, 0, 0, 0, 0, 0, 0, 0, 0, 0, 0, 0, 0, 0, 0, 0, 0, 0, 0, 0, 0, 0, 0, 0, 0, 0, 0, 0, 0, 0]], "top-1-throughput": [[0, 0, 0, 0, 0, 0, 0, 0, 0, 0, 0, 0, 0, 0, 0, 0, 0, 0, 0, 0, 0, 0, 0, 0, 0, 0, 0, 0, 0, 0]], "top-10-throughput": [[0, 0, 0, 0, 0, 0, 0, 0, 0, 0, 0, 0, 0, 0, 0, 0, 0, 0, 0, 0, 0, 0, 0, 0, 0, 0, 0, 0, 0, 0]], "val_loss": [[3, 2, 2, 2, 2, 2, 2, 1, 1, 1, 1, 1, 1, 1, 1, 1, 1, 1, 1, 1, 1, 1, 1, 1, 1, 1, 1, 1, 1, 1]], "val_top-1-accuracy": [[0, 0, 0, 0, 0, 0, 0, 0, 0, 0, 0, 0, 0, 0, 0, 0, 0, 0, 0, 0, 0, 0, 0, 0, 0, 0, 0, 0, 0, 0]], "val_top-10-accuracy": [[0, 0, 0, 0, 0, 0, 0, 0, 0, 0, 0, 0, 0, 0, 0, 0, 0, 0, 0, 0, 0, 0, 0, 0, 0, 0, 0, 0, 0, 0]], "val_top-1-throughput": [[0, 0, 0, 0, 0, 0, 0, 0, 0, 0, 0, 0, 0, 0, 0, 0, 0, 0, 0, 0, 0, 0, 0, 0, 0, 0, 0, 0, 0, 0]], "val_top-10-throughput": [[0, 0, 0, 0, 0, 0, 0, 0, 0, 0, 0, 0, 0, 0, 0, 0, 0, 0, 0, 0, 0, 0, 0, 0, 0, 0, 0, 0, 0, 0]]}}