{"top-k-accuracy": [0.5841836734693877, 0.7489795918367347, 0.8142857142857143, 0.8551020408163266, 0.875, 0.8974489795918368, 0.9096938775510204, 0.9209183673469388, 0.926530612244898, 0.9321428571428572, 0.935204081632653, 0.939795918367347, 0.9413265306122449, 0.9454081632653061, 0.9510204081632653, 0.9551020408163265, 0.9586734693877551, 0.9612244897959183, 0.963265306122449, 0.9647959183673469, 0.9658163265306122, 0.9698979591836735, 0.9709183673469388, 0.9724489795918367, 0.9729591836734693, 0.9734693877551021, 0.9760204081632653, 0.9760204081632653, 0.976530612244898, 0.9775510204081632, 0.9785714285714285, 0.9801020408163266, 0.9801020408163266, 0.9806122448979592, 0.9811224489795919, 0.9821428571428571, 0.9841836734693877, 0.9846938775510204, 0.9857142857142858, 0.9857142857142858, 0.9862244897959184, 0.986734693877551, 0.986734693877551, 0.9872448979591837, 0.9887755102040816, 0.9887755102040816, 0.9897959183673469, 0.9897959183673469, 0.9897959183673469, 0.9908163265306122, 0.9908163265306122, 0.9908163265306122, 0.9918367346938776, 0.9918367346938776, 0.9918367346938776, 0.9918367346938776, 0.9918367346938776, 0.9923469387755102, 0.9928571428571429, 0.9928571428571429, 0.9933673469387755, 0.9933673469387755, 0.9938775510204082, 0.9943877551020408, 0.9943877551020408, 0.9954081632653061, 0.9964285714285714, 0.9964285714285714, 0.9964285714285714, 0.996938775510204, 0.9974489795918368, 0.9974489795918368, 0.9974489795918368, 0.9974489795918368, 0.9979591836734694, 0.9979591836734694, 0.9979591836734694, 0.9979591836734694, 0.9979591836734694, 0.9984693877551021, 0.9984693877551021, 0.9984693877551021, 0.9984693877551021, 0.9984693877551021, 0.9984693877551021, 0.9984693877551021, 0.9984693877551021, 0.9989795918367347, 0.9989795918367347, 0.9989795918367347, 0.9989795918367347, 0.9989795918367347, 0.9989795918367347, 0.9989795918367347, 0.9989795918367347, 0.9989795918367347, 0.9989795918367347, 0.9989795918367347, 0.9989795918367347, 0.9989795918367347], "top-k-throughput-ratio": [0.7947404251934563, 0.8846349436549078, 0.916669288505459, 0.9346799476040449, 0.9447487613519527, 0.9571281328700431, 0.9631398943632561, 0.9689949942606244, 0.9722339853968305, 0.9745910604242382, 0.9758259256391935, 0.9772697880537047, 0.9779246644427684, 0.979475065132856, 0.9818878987186282, 0.98365990076815, 0.985008798432761, 0.9864252234626198, 0.9873288394906347, 0.987956707494575, 0.9884527478878669, 0.9897831097075201, 0.990098246278034, 0.9905589492995104, 0.9906864477856132, 0.990976389274257, 0.9918101118099286, 0.9920864835628609, 0.9922960902874429, 0.9924700188829145, 0.9937467068993246, 0.9941235520374563, 0.9941465246477289, 0.9941637499060041, 0.9943981025885762, 0.9947033210208667, 0.9953455421821497, 0.9954079061012278, 0.995728557763588, 0.995728557763588, 0.9957357795354631, 0.9957619633081256, 0.9957619633081256, 0.9959124860862502, 0.996313604436254, 0.996313604436254, 0.9968224059087215, 0.9968224059087215, 0.9968224059087215, 0.9969597088379643, 0.9969597088379643, 0.9969597088379643, 0.9973146403279262, 0.9973146403279262, 0.9973146403279262, 0.9973146403279262, 0.997360895002788, 0.9974034996163714, 0.9975749523450115, 0.9978334057088923, 0.9982140979758711, 0.9982140979758711, 0.9982260556101357, 0.9982463783357546, 0.9982463783357546, 0.9983930595929821, 0.9984481528578699, 0.9984481528578699, 0.9984481528578699, 0.9985568408915773, 0.9987274213028093, 0.9987274213028093, 0.9987274213028093, 0.9987274213028093, 0.9991361725209019, 0.9991361725209019, 0.9991361725209019, 0.9991361725209019, 0.9991361725209019, 0.9991784140958655, 0.9991784140958655, 0.9991784140958655, 0.9991784140958655, 0.9991784140958655, 0.9991784140958655, 0.9991784140958655, 0.9991784140958655, 0.999454307133306, 0.999454307133306, 0.999454307133306, 0.999454307133306, 0.999454307133306, 0.999454307133306, 0.999454307133306, 0.999454307133306, 0.999454307133306, 0.999454307133306, 0.999454307133306, 0.999454307133306, 0.999454307133306], "history": {"loss": [4.784723281860352, 4.669341087341309, 4.616915225982666, 4.5866570472717285, 4.566985607147217, 4.549133777618408, 4.534535884857178, 4.520054340362549, 4.504586696624756, 4.4906840324401855, 4.477538585662842, 4.464473247528076, 4.451659202575684, 4.441327095031738, 4.429914474487305, 4.420571804046631, 4.411835193634033, 4.403846740722656, 4.397839069366455, 4.391345500946045, 4.3848443031311035, 4.379690647125244, 4.374645709991455, 4.37043571472168, 4.36643648147583, 4.363268852233887, 4.359103202819824, 4.355993747711182, 4.353960990905762, 4.3504958152771], "top-1-accuracy": [0.2813515365123749, 0.38943037390708923, 0.4710851311683655, 0.510612964630127, 0.5431016087532043, 0.5494909882545471, 0.5706086158752441, 0.5831708908081055, 0.6068875789642334, 0.6221572160720825, 0.6342863440513611, 0.6464154124259949, 0.661685049533844, 0.6785791516304016, 0.6838856339454651, 0.6986138224601746, 0.7134503126144409, 0.720489501953125, 0.7270955443382263, 0.7368420958518982, 0.7427983283996582, 0.7427983283996582, 0.7477799654006958, 0.7567684650421143, 0.7617500424385071, 0.7536278963088989, 0.7710634469985962, 0.7729044556617737, 0.7748538255691528, 0.7726879119873047], "top-10-accuracy": [0.7822179198265076, 0.870262086391449, 0.8959280848503113, 0.914988100528717, 0.9231102466583252, 0.9331817030906677, 0.9444444179534912, 0.9505090117454529, 0.9593892097473145, 0.9632878303527832, 0.9715182781219482, 0.9750920534133911, 0.9815897941589355, 0.9836474061012268, 0.9865713715553284, 0.9892787337303162, 0.9903616905212402, 0.9910115003585815, 0.9925276041030884, 0.9944769144058228, 0.9958847761154175, 0.9955598711967468, 0.9968594312667847, 0.9970760345458984, 0.9972926378250122, 0.9970760345458984, 0.9972926378250122, 0.9979423880577087, 0.9982672929763794, 0.9982672929763794], "top-1-throughput": [0.4744437038898468, 0.5922127962112427, 0.6670003533363342, 0.7053413987159729, 0.7332748770713806, 0.7444011569023132, 0.7616668343544006, 0.7754639387130737, 0.7941551208496094, 0.810716450214386, 0.8247120976448059, 0.8375878930091858, 0.8496569991111755, 0.8630005717277527, 0.8709561824798584, 0.8843417763710022, 0.8947052359580994, 0.9010939002037048, 0.9085088968276978, 0.9125486016273499, 0.9181963205337524, 0.9218433499336243, 0.9241378903388977, 0.9302619695663452, 0.9312036633491516, 0.9319174885749817, 0.9375292658805847, 0.939643383026123, 0.9411846995353699, 0.9414776563644409], "top-10-throughput": [0.8835790157318115, 0.9394852519035339, 0.9545444846153259, 0.9648091793060303, 0.9699442982673645, 0.9741878509521484, 0.9794670939445496, 0.9824399352073669, 0.9865064024925232, 0.9882166385650635, 0.9911273717880249, 0.9927393198013306, 0.9951691031455994, 0.9960011839866638, 0.9967294335365295, 0.997525691986084, 0.9978167414665222, 0.9977620840072632, 0.9986042380332947, 0.9988881945610046, 0.9992831945419312, 0.9992027878761292, 0.9994397163391113, 0.9995828866958618, 0.9995197653770447, 0.9995796084403992, 0.9995887279510498, 0.9996028542518616, 0.9997138381004333, 0.9997551441192627], "val_loss": [4.602606296539307, 4.530699253082275, 4.48295259475708, 4.469641208648682, 4.457828044891357, 4.4709391593933105, 4.472060680389404, 4.461021900177002, 4.464242935180664, 4.473864555358887, 4.4675374031066895, 4.482748508453369, 4.490914344787598, 4.480217456817627, 4.488668918609619, 4.491396427154541, 4.491410255432129, 4.492830276489258, 4.497544288635254, 4.505329608917236, 4.503454685211182, 4.504024028778076, 4.502974033355713, 4.512253761291504, 4.512493133544922, 4.512017250061035, 4.524981498718262, 4.5130295753479, 4.521113872528076, 4.518960952758789],