{"top-k-accuracy": [0.6066326530612245, 0.7994897959183673, 0.8658163265306122, 0.8974489795918368, 0.9209183673469388, 0.9326530612244898, 0.9403061224489796, 0.9448979591836735, 0.9510204081632653, 0.9556122448979592, 0.960204081632653, 0.9647959183673469, 0.9693877551020408, 0.9719387755102041, 0.9729591836734693, 0.975, 0.976530612244898, 0.9801020408163266, 0.9811224489795919, 0.9821428571428571, 0.9826530612244898, 0.9831632653061224, 0.9841836734693877, 0.9846938775510204, 0.9857142857142858, 0.986734693877551, 0.9892857142857143, 0.9903061224489796, 0.9903061224489796, 0.9903061224489796, 0.9918367346938776, 0.9918367346938776, 0.9918367346938776, 0.9918367346938776, 0.9918367346938776, 0.9918367346938776, 0.9923469387755102, 0.9928571428571429, 0.9928571428571429, 0.9928571428571429, 0.9933673469387755, 0.9943877551020408, 0.9943877551020408, 0.9943877551020408, 0.9943877551020408, 0.9943877551020408, 0.9948979591836735, 0.9948979591836735, 0.9954081632653061, 0.9954081632653061, 0.9959183673469387, 0.9964285714285714, 0.9964285714285714, 0.9964285714285714, 0.9964285714285714, 0.9964285714285714, 0.9964285714285714, 0.9964285714285714, 0.996938775510204, 0.996938775510204, 0.996938775510204, 0.996938775510204, 0.996938775510204, 0.996938775510204, 0.996938775510204, 0.9974489795918368, 0.9974489795918368, 0.9974489795918368, 0.9974489795918368, 0.9974489795918368, 0.9974489795918368, 0.9974489795918368, 0.9974489795918368, 0.9974489795918368, 0.9974489795918368, 0.9974489795918368, 0.9974489795918368, 0.9974489795918368, 0.9979591836734694, 0.9979591836734694, 0.9979591836734694, 0.9979591836734694, 0.9979591836734694, 0.9979591836734694, 0.9979591836734694, 0.9979591836734694, 0.9979591836734694, 0.9979591836734694, 0.9979591836734694, 0.9979591836734694, 0.9979591836734694, 0.9979591836734694, 0.9979591836734694, 0.9979591836734694, 0.9979591836734694, 0.9979591836734694, 0.9979591836734694, 0.9979591836734694, 0.9979591836734694, 0.9979591836734694], "top-k-throughput-ratio": [0.7728272614853012, 0.8824438293541725, 0.9203134026862599, 0.937254521809719, 0.9504843260271447, 0.9592316377271422, 0.9645063539052272, 0.9663566184826077, 0.9707311181161233, 0.9736679013947835, 0.9755087169800835, 0.9799703019826327, 0.9832634880394172, 0.9851674958173666, 0.9858432267416303, 0.9866775735629426, 0.9870576941234347, 0.9890360354375817, 0.9891061779290212, 0.9899360744068769, 0.9900577105445317, 0.9901229450705817, 0.9910052289492708, 0.9911075211377521, 0.991665833467587, 0.9917822482555112, 0.9929752855152865, 0.9933268594258525, 0.9933268594258525, 0.9933268594258525, 0.9938931800325032, 0.9938931800325032, 0.9942635157830692, 0.9942635157830692, 0.9942635157830692, 0.9942635157830692, 0.9946930071670916, 0.9948333725850533, 0.9948333725850533, 0.9948333725850533, 0.9955582578659676, 0.9956606153417528, 0.9956606153417528, 0.9956606153417528, 0.9956606153417528, 0.9956606153417528, 0.9956658473601513, 0.9956658473601513, 0.9963907326410656, 0.9963907326410656, 0.9971156179219798, 0.9972462179401007, 0.9972462179401007, 0.9972462179401007, 0.9972462179401007, 0.9972462179401007, 0.9972462179401007, 0.9972462179401007, 0.997971103221015, 0.997971103221015, 0.997971103221015, 0.997971103221015, 0.997971103221015, 0.997971103221015, 0.997971103221015, 0.9979767803821795, 0.9979767803821795, 0.9979767803821795, 0.9979767803821795, 0.9979767803821795, 0.9979767803821795, 0.9979767803821795, 0.9979767803821795, 0.9979767803821795, 0.9979767803821795, 0.9979767803821795, 0.9979767803821795, 0.9979767803821795, 0.9987016656630938, 0.9987016656630938, 0.9987016656630938, 0.9987016656630938, 0.9987016656630938, 0.9987016656630938, 0.9989488886391452, 0.9989488886391452, 0.9989488886391452, 0.9989488886391452, 0.9989488886391452, 0.9989488886391452, 0.9989488886391452, 0.9989488886391452, 0.9989488886391452, 0.9989488886391452, 0.9989488886391452, 0.9989488886391452, 0.9989488886391452, 0.9989488886391452, 0.9989488886391452, 0.9989488886391452], "history": {"loss": [[3, 2, 2, 2, 2, 2, 2, 1, 1, 1, 1, 1, 1, 1, 1, 1, 1, 1, 1, 1, 1, 1, 1, 1, 1, 1, 1, 1, 1, 1]], "top-1-accuracy": [[0, 0, 0, 0, 0, 0, 0, 0, 0, 0, 0, 0, 0, 0, 0, 0, 0, 0, 0, 0, 0, 0, 0, 0, 0, 0, 0, 0, 0, 0]], "top-10-accuracy": [[0, 0, 0, 0, 0, 0, 0, 0, 0, 0, 0, 0, 0, 0, 0, 0, 0, 0, 0, 0, 0, 0, 0, 0, 0, 0, 0, 0, 0, 0]], "top-1-throughput": [[0, 0, 0, 0, 0, 0, 0, 0, 0, 0, 0, 0, 0, 0, 0, 0, 0, 0, 0, 0, 0, 0, 0, 0, 0, 0, 0, 0, 0, 0]], "top-10-throughput": [[0, 0, 0, 0, 0, 0, 0, 0, 0, 0, 0, 0, 0, 0, 0, 0, 0, 0, 0, 0, 0, 0, 0, 0, 0, 0, 0, 0, 0, 0]], "val_loss": [[2, 1, 1, 1, 1, 1, 1, 1, 1, 1, 1, 1, 1, 1, 1, 1, 1, 1, 1, 1, 1, 1, 1, 1, 1, 1, 1, 1, 1, 1]], "val_top-1-accuracy": [[0, 0, 0, 0, 0, 0, 0, 0, 0, 0, 0, 0, 0, 0, 0, 0, 0, 0, 0, 0, 0, 0, 0, 0, 0, 0, 0, 0, 0, 0]], "val_top-10-accuracy": [[0, 0, 0, 0, 0, 0, 0, 0, 0, 0, 0, 0, 0, 0, 0, 0, 0, 0, 0, 0, 0, 0, 0, 0, 0, 0, 0, 0, 0, 0]], "val_top-1-throughput": [[0, 0, 0, 0, 0, 0, 0, 0, 0, 0, 0, 0, 0, 0, 0, 0, 0, 0, 0, 0, 0, 0, 0, 0, 0, 0, 0, 0, 0, 0]], "val_top-10-throughput": [[0, 0, 0, 0, 0, 0, 0, 0, 0, 0, 0, 0, 0, 0, 0, 0, 0, 0, 0, 0, 0, 0, 0, 0, 0, 0, 0, 0, 0, 0]]}}