{"top-k-accuracy": [0.38112244897959185, 0.611734693877551, 0.7127551020408164, 0.789795918367347, 0.8163265306122449, 0.8494897959183674, 0.8688775510204082, 0.8872448979591837, 0.9030612244897959, 0.9153061224489796, 0.9214285714285714, 0.9285714285714286, 0.9326530612244898, 0.9377551020408164, 0.9413265306122449, 0.9474489795918367, 0.95, 0.9545918367346938, 0.9571428571428572, 0.9586734693877551, 0.9617346938775511, 0.9647959183673469, 0.9693877551020408, 0.976530612244898, 0.9785714285714285, 0.9801020408163266, 0.9801020408163266, 0.9811224489795919, 0.9826530612244898, 0.9826530612244898, 0.9846938775510204, 0.9846938775510204, 0.9857142857142858, 0.986734693877551, 0.9872448979591837, 0.9872448979591837, 0.9877551020408163, 0.9877551020408163, 0.9887755102040816, 0.9887755102040816, 0.9892857142857143, 0.9892857142857143, 0.9892857142857143, 0.9892857142857143, 0.9897959183673469, 0.9897959183673469, 0.9897959183673469, 0.9903061224489796, 0.9908163265306122, 0.9913265306122448, 0.9913265306122448, 0.9913265306122448, 0.9918367346938776, 0.9923469387755102, 0.9933673469387755, 0.9938775510204082, 0.9938775510204082, 0.9943877551020408, 0.9943877551020408, 0.9948979591836735, 0.9948979591836735, 0.9954081632653061, 0.9954081632653061, 0.9954081632653061, 0.9964285714285714, 0.9964285714285714, 0.9964285714285714, 0.9964285714285714, 0.9964285714285714, 0.9964285714285714, 0.9964285714285714, 0.9964285714285714, 0.9964285714285714, 0.9964285714285714, 0.9964285714285714, 0.9964285714285714, 0.9964285714285714, 0.996938775510204, 0.9974489795918368, 0.9974489795918368, 0.9974489795918368, 0.9974489795918368, 0.9979591836734694, 0.9979591836734694, 0.9979591836734694, 0.9979591836734694, 0.9979591836734694, 0.9979591836734694, 0.9979591836734694, 0.9979591836734694, 0.9979591836734694, 0.9979591836734694, 0.9979591836734694, 0.9979591836734694, 0.9979591836734694, 0.9979591836734694, 0.9979591836734694, 0.9979591836734694, 0.9979591836734694, 0.9979591836734694], "top-k-throughput-ratio": [0.49925338494126775, 0.7011409990967411, 0.782333471585255, 0.8295098035840531, 0.8553527606808708, 0.8889609678515733, 0.9049830365186933, 0.9191026782733688, 0.9342284622266546, 0.942643609454743, 0.9478386713183024, 0.95401573731545, 0.9574483207520655, 0.9618402643217745, 0.9626150010386556, 0.9687198055078073, 0.9702723800645022, 0.971942983208822, 0.9743274138409813, 0.9758612374387339, 0.9778723823441525, 0.9827103561620849, 0.9860919413797076, 0.9883102175047017, 0.9894871653000885, 0.9903351239634441, 0.9903351239634441, 0.991247646125375, 0.9914808887421402, 0.9914948854294544, 0.9917892775450012, 0.9917892775450012, 0.9926447628440365, 0.9929852599869818, 0.9930235882685604, 0.9930235882685604, 0.9937484735494747, 0.9937484735494747, 0.9937734365497312, 0.9937734365497312, 0.9938616769395388, 0.9938616769395388, 0.9938616769395388, 0.9938616769395388, 0.9938956309833844, 0.9938956309833844, 0.9938956309833844, 0.993900863001783, 0.9947135882999117, 0.9955344782478645, 0.9955344782478645, 0.9955344782478645, 0.996261418982253, 0.9969863042631671, 0.9975355389302357, 0.9976050975107957, 0.9976050975107957, 0.9976107746719602, 0.9976107746719602, 0.9981429451903675, 0.9981429451903675, 0.9986157945452417, 0.9986157945452417, 0.9986330807126358, 0.998725877686318, 0.998725877686318, 0.998725877686318, 0.998725877686318, 0.998725877686318, 0.998725877686318, 0.998725877686318, 0.998725877686318, 0.998725877686318, 0.998725877686318, 0.998725877686318, 0.998725877686318, 0.998725877686318, 0.9988834235053508, 0.9989357657581298, 0.9989357657581298, 0.9989357657581298, 0.9989357657581298, 0.9989488886391452, 0.9989488886391452, 0.9989488886391452, 0.9989488886391452, 0.9989488886391452, 0.9989488886391452, 0.9989488886391452, 0.9989488886391452, 0.9989488886391452, 0.9989488886391452, 0.9989488886391452, 0.9989488886391452, 0.9989488886391452, 0.9989488886391452, 0.9989488886391452, 0.9989488886391452, 0.9989488886391452, 0.9989488886391452], "history": {"loss": [[4, 3, 2, 2, 2, 2, 2, 2, 2, 2, 2, 2, 2, 2, 2, 2, 2, 2, 2, 2, 2, 2, 2, 2, 2, 2, 2, 2, 2, 2]], "top-1-accuracy": [[0, 0, 0, 0, 0, 0, 0, 0, 0, 0, 0, 0, 0, 0, 0, 0, 0, 0, 0, 0, 0, 0, 0, 0, 0, 0, 0, 0, 0, 0]], "top-10-accuracy": [[0, 0, 0, 0, 0, 0, 0, 0, 0, 0, 0, 0, 0, 0, 0, 0, 0, 0, 0, 0, 0, 0, 0, 0, 0, 0, 0, 0, 0, 0]], "top-1-throughput": [[0, 0, 0, 0, 0, 0, 0, 0, 0, 0, 0, 0, 0, 0, 0, 0, 0, 0, 0, 0, 0, 0, 0, 0, 0, 0, 0, 0, 0, 0]], "top-10-throughput": [[0, 0, 0, 0, 0, 0, 0, 0, 0, 0, 0, 0, 0, 0, 0, 0, 0, 0, 0, 0, 0, 0, 0, 0, 0, 0, 0, 0, 0, 0]], "val_loss": [[2, 2, 2, 2, 2, 2, 2, 2, 2, 2, 2, 2, 2, 2, 2, 2, 2, 2, 2, 2, 2, 2, 2, 2, 2, 2, 2, 2, 2, 2]], "val_top-1-accuracy": [[0, 0, 0, 0, 0, 0, 0, 0, 0, 0, 0, 0, 0, 0, 0, 0, 0, 0, 0, 0, 0, 0, 0, 0, 0, 0, 0, 0, 0, 0]], "val_top-10-accuracy": [[0, 0, 0, 0, 0, 0, 0, 0, 0, 0, 0, 0, 0, 0, 0, 0, 0, 0, 0, 0, 0, 0, 0, 0, 0, 0, 0, 0, 0, 0]], "val_top-1-throughput": [[0, 0, 0, 0, 0, 0, 0, 0, 0, 0, 0, 0, 0, 0, 0, 0, 0, 0, 0, 0, 0, 0, 0, 0, 0, 0, 0, 0, 0, 0]], "val_top-10-throughput": [[0, 0, 0, 0, 0, 0, 0, 0, 0, 0, 0, 0, 0, 0, 0, 0, 0, 0, 0, 0, 0, 0, 0, 0, 0, 0, 0, 0, 0, 0]]}}