{"top-k-accuracy": [0.5551020408163265, 0.7484693877551021, 0.8413265306122449, 0.8852040816326531, 0.9107142857142857, 0.9209183673469388, 0.9326530612244898, 0.9392857142857143, 0.9443877551020409, 0.9489795918367347, 0.9551020408163265, 0.9571428571428572, 0.9591836734693877, 0.9622448979591837, 0.9637755102040816, 0.9658163265306122, 0.9683673469387755, 0.9714285714285714, 0.9729591836734693, 0.9739795918367347, 0.9744897959183674, 0.9755102040816327, 0.9770408163265306, 0.9780612244897959, 0.9790816326530613, 0.9806122448979592, 0.9816326530612245, 0.9816326530612245, 0.9826530612244898, 0.9831632653061224, 0.985204081632653, 0.9857142857142858, 0.9862244897959184, 0.9872448979591837, 0.9877551020408163, 0.9877551020408163, 0.9877551020408163, 0.988265306122449, 0.988265306122449, 0.988265306122449, 0.988265306122449, 0.9887755102040816, 0.9887755102040816, 0.9892857142857143, 0.9892857142857143, 0.9897959183673469, 0.9908163265306122, 0.9908163265306122, 0.9918367346938776, 0.9918367346938776, 0.9918367346938776, 0.9923469387755102, 0.9923469387755102, 0.9923469387755102, 0.9923469387755102, 0.9928571428571429, 0.9933673469387755, 0.9938775510204082, 0.9938775510204082, 0.9938775510204082, 0.9938775510204082, 0.9938775510204082, 0.9938775510204082, 0.9938775510204082, 0.9938775510204082, 0.9938775510204082, 0.9938775510204082, 0.9943877551020408, 0.9943877551020408, 0.9943877551020408, 0.9943877551020408, 0.9948979591836735, 0.9948979591836735, 0.9948979591836735, 0.9948979591836735, 0.9948979591836735, 0.9948979591836735, 0.9954081632653061, 0.9954081632653061, 0.9954081632653061, 0.9954081632653061, 0.9954081632653061, 0.9954081632653061, 0.9959183673469387, 0.9959183673469387, 0.9959183673469387, 0.9959183673469387, 0.9959183673469387, 0.9959183673469387, 0.9964285714285714, 0.9964285714285714, 0.9964285714285714, 0.9964285714285714, 0.9964285714285714, 0.996938775510204, 0.996938775510204, 0.996938775510204, 0.9974489795918368, 0.9974489795918368, 0.9979591836734694], "top-k-throughput-ratio": [0.7362438939963801, 0.8609260128113447, 0.9043712892382135, 0.933471869191747, 0.9448027410710382, 0.9520605756233564, 0.9583549945670977, 0.9648122153258789, 0.9677574915452574, 0.9705143399018868, 0.9751096961048733, 0.9765263834482786, 0.9780673632308948, 0.9802636812152883, 0.9813878675553815, 0.9828522386159191, 0.9849113198935898, 0.9853201427638166, 0.9866522131205574, 0.9870598541614942, 0.9871254091945597, 0.9878570502673439, 0.9880368611082071, 0.9888535304748903, 0.9900798734575936, 0.9905819681067084, 0.9913069113833299, 0.9913069113833299, 0.9920456146176053, 0.9922251951261359, 0.9929764820231263, 0.9929896049041417, 0.9930171309235981, 0.9930705058295566, 0.9930917612783524, 0.9930917612783524, 0.9930917612783524, 0.9932778792786291, 0.9932960440152737, 0.9932960440152737, 0.9932960440152737, 0.993345729568921, 0.993345729568921, 0.9933980718216999, 0.9933980718216999, 0.9935286718398209, 0.9938079401613364, 0.9938079401613364, 0.9946944603881429, 0.9946944603881429, 0.9946944603881429, 0.9947083123268632, 0.9947083123268632, 0.9947083123268632, 0.9947126537657348, 0.9951901666075529, 0.9952757276877372, 0.9953781419174961, 0.9953781419174961, 0.9953781419174961, 0.9953781419174961, 0.9953781419174961, 0.9953781419174961, 0.9953781419174961, 0.9953781419174961, 0.9953781419174961, 0.9953781419174961, 0.9954718369034645, 0.9954718369034645, 0.9954718369034645, 0.9954718369034645, 0.9961967221843788, 0.9961967221843788, 0.9961967221843788, 0.9961967221843788, 0.9961967221843788, 0.9961967221843788, 0.9963370876023405, 0.9963370876023405, 0.9963370876023405, 0.9963370876023405, 0.9963370876023405, 0.9963370876023405, 0.9970619728832548, 0.9970619728832548, 0.9970619728832548, 0.9970619728832548, 0.9970619728832548, 0.9970619728832548, 0.9970676500444194, 0.9970676500444194, 0.9970676500444194, 0.9970676500444194, 0.9970676500444194, 0.997518204241806, 0.997518204241806, 0.997518204241806, 0.9982430895227203, 0.9982430895227203, 0.9983313299125278], "history": {"loss": [2.828787326812744, 2.210221767425537, 2.0333940982818604, 1.9273978471755981, 1.845729947090149, 1.7596311569213867, 1.674176812171936, 1.5894286632537842, 1.4985108375549316, 1.411407470703125, 1.3217322826385498, 1.250270128250122, 1.1863638162612915, 1.1374179124832153, 1.0871527194976807, 1.0576543807983398, 1.035256266593933, 1.0066781044006348, 0.9846623539924622, 0.969964861869812, 0.9555240273475647, 0.9456590414047241, 0.9330769181251526, 0.924753725528717, 0.9145780801773071, 0.907158374786377, 0.900702178478241, 0.892430305480957, 0.8872413039207458, 0.8794177174568176], "top-1-accuracy": [0.30041152238845825, 0.45603206753730774, 0.5005414485931396, 0.5276153087615967, 0.5355209112167358, 0.5498158931732178, 0.5706086158752441, 0.5890188217163086, 0.6087285876274109, 0.6230236291885376, 0.6470652222633362, 0.6560537219047546, 0.670890212059021, 0.6785791516304016, 0.6848602890968323, 0.6902750730514526, 0.6911414265632629, 0.689950168132782, 0.6995884776115417, 0.6950400471687317, 0.7015377879142761, 0.6939570903778076, 0.7061945199966431, 0.7045700550079346, 0.694498598575592, 0.7007797360420227, 0.7058696150779724, 0.7074940204620361, 0.7094433903694153, 0.7024041414260864], "top-10-accuracy": [0.793480634689331, 0.8952783346176147, 0.9169374108314514, 0.931557297706604, 0.9440112709999084, 0.9562486410140991, 0.9630712866783142, 0.9732510447502136, 0.977691113948822, 0.9829975962638855, 0.9886289834976196, 0.9923110008239746, 0.9937188625335693, 0.9945852160453796, 0.9969677329063416, 0.9972926378250122, 0.9970760345458984, 0.9979423880577087, 0.9987004399299622, 0.9989170432090759, 0.9981589913368225, 0.9991336464881897, 0.9993502497673035, 0.9996750950813293, 0.9993502497673035, 0.9991336464881897, 0.9994585514068604, 0.9995667934417725, 0.9996750950813293, 0.9994585514068604], "top-1-throughput": [0.4070717990398407, 0.5913715362548828, 0.6451387405395508, 0.6708152294158936, 0.685664713382721, 0.7075088620185852, 0.7255716323852539, 0.7485859990119934, 0.7766771912574768, 0.7952890396118164, 0.8271570801734924, 0.842369019985199, 0.8626195192337036, 0.8781055212020874, 0.8854813575744629, 0.8949694037437439, 0.89979487657547, 0.9071633219718933, 0.9096183776855469, 0.9134066700935364, 0.9148215055465698, 0.9132152795791626, 0.9187709093093872, 0.9189109206199646, 0.9195323586463928, 0.9208394289016724, 0.923010528087616, 0.9232248663902283, 0.9243733286857605, 0.9246174693107605], "top-10-throughput": [0.8621543645858765, 0.9411276578903198, 0.9563533663749695, 0.966858446598053, 0.9744121432304382, 0.9826585650444031, 0.9873389601707458, 0.991941511631012, 0.9943957924842834, 0.9962868690490723, 0.9977413415908813, 0.9987316727638245, 0.9989919066429138, 0.9992356896400452, 0.9996486902236938, 0.9995411038398743, 0.999464750289917, 0.9997401833534241, 0.9998746514320374, 0.9999281764030457, 0.9997478723526001, 0.9999086260795593, 0.999945342540741, 0.9999318718910217, 0.9999187588691711, 0.9999154210090637, 0.9999497532844543, 0.9999454021453857, 0.9999737739562988, 0.999935507774353], "val_loss": [1.8264826536178589, 1.6533290147781372, 1.549504280090332, 1.5389517545700073, 1.5489609241485596, 1.5403975248336792, 1.6013078689575195, 1.643754482269287, 1.6994348764419556, 1.671039342880249, 1.7763525247573853, 1.831238031387329, 1.8296616077423096, 1.9004284143447876, 1.9682583808898926, 2.0462889671325684, 1.9378697872161865, 1.9357686042785645, 1.9679276943206787, 1.987326979637146, 2.0292000770568848, 2.0264620780944824, 2.0225000381469727, 1.9188053607940674, 2.02545166015625, 2.007842779159546, 2.001131772994995, 1.9835965633392334, 1.9762555360794067, 2.0308101177215576],