{"top-k-accuracy": [0.6336734693877552, 0.8219387755102041, 0.8811224489795918, 0.9071428571428571, 0.9193877551020408, 0.9280612244897959, 0.936734693877551, 0.9438775510204082, 0.9474489795918367, 0.9551020408163265, 0.9581632653061225, 0.9622448979591837, 0.9653061224489796, 0.9663265306122449, 0.9693877551020408, 0.9724489795918367, 0.9744897959183674, 0.9760204081632653, 0.9775510204081632, 0.9785714285714285, 0.9785714285714285, 0.9811224489795919, 0.9826530612244898, 0.9831632653061224, 0.9831632653061224, 0.9836734693877551, 0.9846938775510204, 0.9857142857142858, 0.9872448979591837, 0.9877551020408163, 0.9887755102040816, 0.9887755102040816, 0.9887755102040816, 0.9897959183673469, 0.9903061224489796, 0.9913265306122448, 0.9918367346938776, 0.9928571428571429, 0.9933673469387755, 0.9938775510204082, 0.9938775510204082, 0.9943877551020408, 0.9943877551020408, 0.9943877551020408, 0.9943877551020408, 0.9943877551020408, 0.9943877551020408, 0.9943877551020408, 0.9943877551020408, 0.9943877551020408, 0.9943877551020408, 0.9943877551020408, 0.9948979591836735, 0.9954081632653061, 0.9954081632653061, 0.9954081632653061, 0.9954081632653061, 0.9954081632653061, 0.9959183673469387, 0.9959183673469387, 0.9959183673469387, 0.9959183673469387, 0.9959183673469387, 0.9959183673469387, 0.9959183673469387, 0.9959183673469387, 0.9959183673469387, 0.9959183673469387, 0.9959183673469387, 0.9959183673469387, 0.9959183673469387, 0.9959183673469387, 0.9964285714285714, 0.9964285714285714, 0.9964285714285714, 0.9964285714285714, 0.9964285714285714, 0.9964285714285714, 0.9964285714285714, 0.9964285714285714, 0.9964285714285714, 0.9964285714285714, 0.9964285714285714, 0.996938775510204, 0.996938775510204, 0.996938775510204, 0.996938775510204, 0.996938775510204, 0.996938775510204, 0.996938775510204, 0.996938775510204, 0.996938775510204, 0.996938775510204, 0.996938775510204, 0.996938775510204, 0.996938775510204, 0.996938775510204, 0.996938775510204, 0.996938775510204, 0.996938775510204], "top-k-throughput-ratio": [0.8007975770050941, 0.8991195583874522, 0.9294666376587729, 0.9448846863338007, 0.9533494306228729, 0.9598553061632246, 0.9657686708005662, 0.970432437349743, 0.9728267431752218, 0.976669561906005, 0.9792653565332177, 0.9806775885248562, 0.9829158972144956, 0.9832173461431141, 0.9856677471583289, 0.9867649905410713, 0.987118038136749, 0.9878994704560752, 0.9893809120067535, 0.9899588094439504, 0.9899718395992164, 0.9911064476937965, 0.9915059045409339, 0.9917633986468868, 0.9925571471230764, 0.9926411624561738, 0.9927210307284091, 0.9928278472573893, 0.9936069050431552, 0.9937562018055828, 0.9938582601487514, 0.9938582601487514, 0.9938582601487514, 0.9939406468975276, 0.9939519306444305, 0.9946996152781638, 0.995424500559078, 0.996154617858391, 0.9962043034120381, 0.996334903430159, 0.996334903430159, 0.9963516998257598, 0.9964821648936074, 0.9964821648936074, 0.9964821648936074, 0.9964821648936074, 0.9964821648936074, 0.9964821648936074, 0.9964821648936074, 0.9964821648936074, 0.9964821648936074, 0.9964821648936074, 0.9970143354120147, 0.9970526636935931, 0.9970526636935931, 0.9970526636935931, 0.9970526636935931, 0.9970526636935931, 0.9970844779034546, 0.9970844779034546, 0.9970844779034546, 0.997331700879506, 0.997331700879506, 0.997331700879506, 0.997331700879506, 0.997331700879506, 0.997331700879506, 0.997331700879506, 0.997331700879506, 0.9973360423183775, 0.9973360423183775, 0.9974238823355921, 0.9974934409161521, 0.9974934409161521, 0.9974934409161521, 0.9974934409161521, 0.9974934409161521, 0.9974934409161521, 0.9974934409161521, 0.9974934409161521, 0.9974934409161521, 0.9974934409161521, 0.9974934409161521, 0.9982183261970664, 0.9982183261970664, 0.9982183261970664, 0.9982183261970664, 0.9982183261970664, 0.9982183261970664, 0.9982183261970664, 0.9982183261970664, 0.9982183261970664, 0.9982183261970664, 0.9982183261970664, 0.9982183261970664, 0.9982183261970664, 0.9982183261970664, 0.9982183261970664, 0.9982183261970664, 0.9982183261970664], "history": {"loss": [3.352854013442993, 2.619460105895996, 2.447066068649292, 2.3501651287078857, 2.2875375747680664, 2.241809606552124, 2.2060012817382812, 2.177401542663574, 2.1544437408447266, 2.134169578552246, 2.118429183959961, 2.103135824203491, 2.087674140930176, 2.0745747089385986, 2.0659255981445312, 2.0539791584014893, 2.045595407485962, 2.0366644859313965, 2.029210329055786, 2.0247793197631836, 2.0190439224243164, 2.0102555751800537, 2.0055270195007324, 2.002030849456787, 1.9974546432495117, 1.9915986061096191, 1.9867651462554932, 1.98392915725708, 1.9793168306350708, 1.9756876230239868], "top-1-accuracy": [0.2377084642648697, 0.3383149206638336, 0.3898635506629944, 0.4213775098323822, 0.4429283142089844, 0.46523717045783997, 0.4760667085647583, 0.48743772506713867, 0.49285250902175903, 0.5029239654541016, 0.5002166032791138, 0.5097466111183167, 0.507147490978241, 0.5125622749328613, 0.5146198868751526, 0.5217673778533936, 0.5196014642715454, 0.5230669379234314, 0.5199263691902161, 0.518843412399292, 0.5198180675506592, 0.5232835412025452, 0.525990903377533, 0.527073860168457, 0.5268572568893433, 0.5280485153198242, 0.5281568169593811, 0.5252328515052795, 0.529456377029419, 0.5290231704711914], "top-10-accuracy": [0.6873511075973511, 0.8350660800933838, 0.8640892505645752, 0.875027060508728, 0.8806584477424622, 0.8843404650688171, 0.8914879560470581, 0.8934373259544373, 0.8967944383621216, 0.9009096622467041, 0.9003682136535645, 0.9042668342590332, 0.9054580926895142, 0.9082737565040588, 0.910439670085907, 0.9123889803886414, 0.9114143252372742, 0.914988100528717, 0.9132553339004517, 0.916179358959198, 0.9166125059127808, 0.9171540141105652, 0.9185618162155151, 0.9195364713668823, 0.9182369709014893, 0.9188867211341858, 0.9197530746459961, 0.9207277297973633, 0.9214858412742615, 0.9193199276924133], "top-1-throughput": [0.32285839319229126, 0.454324871301651, 0.5158396363258362, 0.5481708645820618, 0.5729886293411255, 0.5946682691574097, 0.6054539084434509, 0.6174730062484741, 0.6252075433731079, 0.6320773363113403, 0.6313064694404602, 0.6418748497962952, 0.6421507596969604, 0.6480640172958374, 0.648941695690155, 0.6551364064216614, 0.6539630889892578, 0.6569335460662842, 0.6546540260314941, 0.6572260856628418, 0.6574467420578003, 0.659701406955719, 0.6618285179138184, 0.6629051566123962, 0.6613227128982544, 0.6650041341781616, 0.6666831374168396, 0.664984941482544, 0.6655824184417725, 0.6677882075309753], "top-10-throughput": [0.771232008934021, 0.8961753249168396, 0.9182782769203186, 0.9282106161117554, 0.9315614104270935, 0.9343699216842651, 0.9383178353309631, 0.9396394491195679, 0.9412748217582703, 0.9432700276374817, 0.9453040361404419, 0.9480624198913574, 0.9483033418655396, 0.9508048892021179, 0.9524579644203186, 0.9540420174598694, 0.9535897970199585, 0.9549587368965149, 0.9546780586242676, 0.9566851258277893, 0.9567853808403015, 0.9561318755149841, 0.957629919052124, 0.9585179686546326, 0.956696629524231, 0.9590674042701721, 0.9599818587303162, 0.9601120352745056, 0.9604370594024658, 0.9591874480247498], "val_loss": [2.3988633155822754, 2.0639374256134033, 1.8967317342758179, 1.818973422050476, 1.807571291923523, 1.7474582195281982, 1.7354187965393066, 1.69552481174469, 1.680504322052002, 1.6944681406021118, 1.6883012056350708, 1.6703749895095825, 1.6595619916915894, 1.6626893281936646, 1.6697871685028076, 1.6419768333435059, 1.664962887763977, 1.6667653322219849, 1.6709121465682983, 1.6555957794189453, 1.6654220819473267, 1.6477572917938232, 1.6847728490829468, 1.6527777910232544, 1.6544115543365479, 1.6601155996322632, 1.6950876712799072, 1.66819167137146, 1.6579885482788086, 1.6775903701782227],