{"top-k-accuracy": [0.5780612244897959, 0.735204081632653, 0.8040816326530612, 0.8479591836734693, 0.8739795918367347, 0.886734693877551, 0.9020408163265307, 0.9132653061224489, 0.9306122448979591, 0.9362244897959183, 0.9387755102040817, 0.9454081632653061, 0.9505102040816327, 0.9561224489795919, 0.9576530612244898, 0.960204081632653, 0.9627551020408164, 0.9647959183673469, 0.9663265306122449, 0.9683673469387755, 0.9688775510204082, 0.9698979591836735, 0.9719387755102041, 0.9729591836734693, 0.9734693877551021, 0.9744897959183674, 0.9760204081632653, 0.9760204081632653, 0.9770408163265306, 0.9780612244897959, 0.9790816326530613, 0.9790816326530613, 0.9795918367346939, 0.9811224489795919, 0.9811224489795919, 0.9816326530612245, 0.9821428571428571, 0.9821428571428571, 0.9831632653061224, 0.9836734693877551, 0.985204081632653, 0.985204081632653, 0.985204081632653, 0.9857142857142858, 0.9857142857142858, 0.986734693877551, 0.9872448979591837, 0.9872448979591837, 0.9877551020408163, 0.9887755102040816, 0.9897959183673469, 0.9908163265306122, 0.9908163265306122, 0.9923469387755102, 0.9928571428571429, 0.9928571428571429, 0.9938775510204082, 0.9943877551020408, 0.9954081632653061, 0.9954081632653061, 0.9959183673469387, 0.9964285714285714, 0.9964285714285714, 0.996938775510204, 0.996938775510204, 0.9974489795918368, 0.9979591836734694, 0.9979591836734694, 0.9984693877551021, 0.9984693877551021, 0.9984693877551021, 0.9984693877551021, 0.9984693877551021, 0.9984693877551021, 0.9984693877551021, 0.9984693877551021, 0.9984693877551021, 0.9984693877551021, 0.9989795918367347, 0.9989795918367347, 0.9989795918367347, 0.9989795918367347, 0.9989795918367347, 0.9989795918367347, 0.9989795918367347, 0.9989795918367347, 0.9989795918367347, 0.9989795918367347, 0.9989795918367347, 0.9989795918367347, 0.9989795918367347, 0.9989795918367347, 0.9989795918367347, 0.9989795918367347, 0.9989795918367347, 0.9989795918367347, 0.9989795918367347, 0.9989795918367347, 0.9989795918367347, 0.9989795918367347], "top-k-throughput-ratio": [0.7956350924038247, 0.8765142650456461, 0.9114547945822351, 0.9365972491376706, 0.9482933295253345, 0.953534452884291, 0.9622345382644492, 0.9676765645551616, 0.9730051864090282, 0.974960433165513, 0.9759898576857193, 0.9789566016984633, 0.9798208526448716, 0.9822195749990171, 0.983077366337503, 0.9843729875734235, 0.9851391522538395, 0.9863188070160117, 0.9867546383810207, 0.9876374631795176, 0.9877265722864482, 0.9884423308223598, 0.9890939068842002, 0.9895505720269139, 0.9898966518692954, 0.9906017802666075, 0.9909057725384371, 0.9909057725384371, 0.9914004157150289, 0.9916713794149719, 0.9923974268379014, 0.9923974268379014, 0.9926221417622179, 0.9928405876816663, 0.9928405876816663, 0.9930820073488407, 0.9935665174408179, 0.9935665174408179, 0.9942114096771532, 0.9942314598519476, 0.994479234139112, 0.994525488813974, 0.994525488813974, 0.9949004610703442, 0.9949004610703442, 0.995106108490782, 0.9955799030703406, 0.9955799030703406, 0.9958500011285999, 0.9958633814490998, 0.9959883397206553, 0.9966760329156795, 0.9966760329156795, 0.9969099972704877, 0.9970066603752807, 0.9970066603752807, 0.9975644120251874, 0.9978682329680206, 0.9985486929014026, 0.9985486929014026, 0.9986181387205746, 0.9986692522380982, 0.9986692522380982, 0.9987386284592277, 0.9987386284592277, 0.9989092088704596, 0.999039007815973, 0.999039007815973, 0.9991251972276922, 0.9991251972276922, 0.9991251972276922, 0.9991251972276922, 0.9991251972276922, 0.9991251972276922, 0.9991251972276922, 0.9991251972276922, 0.9991251972276922, 0.9991251972276922, 0.9994545462329248, 0.9994545462329248, 0.9994545462329248, 0.9994545462329248, 0.9994545462329248, 0.9994545462329248, 0.9994545462329248, 0.9994545462329248, 0.9994545462329248, 0.9994545462329248, 0.9994545462329248, 0.9994545462329248, 0.9994545462329248, 0.9994545462329248, 0.9994545462329248, 0.9994545462329248, 0.9994545462329248, 0.9994545462329248, 0.9994545462329248, 0.9994545462329248, 0.9994545462329248, 0.9994545462329248], "history": {"loss": [[4, 4, 4, 4, 4, 4, 4, 4, 4, 4, 4, 4, 4, 4, 4, 4, 4, 4, 4, 4, 4, 4, 4, 4, 4, 4, 4, 4, 4, 4]], "top-1-accuracy": [[0, 0, 0, 0, 0, 0, 0, 0, 0, 0, 0, 0, 0, 0, 0, 0, 0, 0, 0, 0, 0, 0, 0, 0, 0, 0, 0, 0, 0, 0]], "top-10-accuracy": [[0, 0, 0, 0, 0, 0, 0, 0, 0, 0, 0, 0, 0, 0, 0, 0, 0, 0, 0, 0, 0, 0, 0, 0, 0, 0, 0, 0, 0, 0]], "top-1-throughput": [[0, 0, 0, 0, 0, 0, 0, 0, 0, 0, 0, 0, 0, 0, 0, 0, 0, 0, 0, 0, 0, 0, 0, 0, 0, 0, 0, 0, 0, 0]], "top-10-throughput": [[0, 0, 0, 0, 0, 0, 0, 0, 0, 0, 0, 0, 0, 0, 0, 0, 0, 0, 0, 0, 0, 0, 0, 0, 0, 0, 0, 0, 0, 0]], "val_loss": [[4, 4, 4, 4, 4, 4, 4, 4, 4, 4, 4, 4, 4, 4, 4, 4, 4, 4, 4, 4, 4, 4, 4, 4, 4, 4, 4, 4, 4, 4]], "val_top-1-accuracy": [[0, 0, 0, 0, 0, 0, 0, 0, 0, 0, 0, 0, 0, 0, 0, 0, 0, 0, 0, 0, 0, 0, 0, 0, 0, 0, 0, 0, 0, 0]], "val_top-10-accuracy": [[0, 0, 0, 0, 0, 0, 0, 0, 0, 0, 0, 0, 0, 0, 0, 0, 0, 0, 0, 0, 0, 0, 0, 0, 0, 0, 0, 0, 0, 0]], "val_top-1-throughput": [[0, 0, 0, 0, 0, 0, 0, 0, 0, 0, 0, 0, 0, 0, 0, 0, 0, 0, 0, 0, 0, 0, 0, 0, 0, 0, 0, 0, 0, 0]], "val_top-10-throughput": [[0, 0, 0, 0, 0, 0, 0, 0, 0, 0, 0, 0, 0, 0, 0, 0, 0, 0, 0, 0, 0, 0, 0, 0, 0, 0, 0, 0, 0, 0]]}}