{"top-k-accuracy": [0.6173469387755102, 0.8137755102040817, 0.871938775510204, 0.9, 0.9158163265306123, 0.9224489795918367, 0.9301020408163265, 0.935204081632653, 0.939795918367347, 0.9418367346938775, 0.9469387755102041, 0.951530612244898, 0.9540816326530612, 0.9591836734693877, 0.9617346938775511, 0.9658163265306122, 0.9704081632653061, 0.9724489795918367, 0.9734693877551021, 0.9739795918367347, 0.9744897959183674, 0.9760204081632653, 0.9785714285714285, 0.9795918367346939, 0.9795918367346939, 0.9801020408163266, 0.9816326530612245, 0.9826530612244898, 0.9841836734693877, 0.9846938775510204, 0.985204081632653, 0.9857142857142858, 0.986734693877551, 0.988265306122449, 0.9892857142857143, 0.9892857142857143, 0.9908163265306122, 0.9908163265306122, 0.9918367346938776, 0.9923469387755102, 0.9928571428571429, 0.9938775510204082, 0.9938775510204082, 0.9938775510204082, 0.9938775510204082, 0.9938775510204082, 0.9938775510204082, 0.9943877551020408, 0.9943877551020408, 0.9943877551020408, 0.9943877551020408, 0.9943877551020408, 0.9943877551020408, 0.9943877551020408, 0.9943877551020408, 0.9954081632653061, 0.9954081632653061, 0.9954081632653061, 0.9954081632653061, 0.9954081632653061, 0.9959183673469387, 0.9959183673469387, 0.9964285714285714, 0.9964285714285714, 0.9964285714285714, 0.9964285714285714, 0.9964285714285714, 0.9964285714285714, 0.9964285714285714, 0.996938775510204, 0.996938775510204, 0.996938775510204, 0.996938775510204, 0.996938775510204, 0.996938775510204, 0.996938775510204, 0.996938775510204, 0.996938775510204, 0.996938775510204, 0.996938775510204, 0.996938775510204, 0.996938775510204, 0.996938775510204, 0.996938775510204, 0.996938775510204, 0.996938775510204, 0.9979591836734694, 0.9979591836734694, 0.9979591836734694, 0.9979591836734694, 0.9979591836734694, 0.9979591836734694, 0.9979591836734694, 0.9979591836734694, 0.9979591836734694, 0.9979591836734694, 0.9979591836734694, 0.9979591836734694, 0.9979591836734694, 0.9979591836734694], "top-k-throughput-ratio": [0.8227508173920024, 0.9169288661897049, 0.945906997745304, 0.9589635741872632, 0.9671976115117724, 0.9703669734962398, 0.9744578147247028, 0.9765194006258394, 0.9779826779002199, 0.9790983398200492, 0.9809999008606138, 0.9827516445142539, 0.9840228663482137, 0.9852270482731508, 0.9870508363606845, 0.9884134906592559, 0.9892436360077763, 0.9895436636648794, 0.9896144702491432, 0.9896959526933962, 0.9897185304429188, 0.9899128794159089, 0.9910654791350851, 0.9912435772625401, 0.9913859682565175, 0.991649206510153, 0.9920244936980883, 0.9927361921136879, 0.9934357680369905, 0.9935240362236636, 0.9935630077553504, 0.9937405209748776, 0.9942412004354885, 0.994808433900671, 0.9953195943865125, 0.9953195943865125, 0.9957079392313691, 0.9958595507518188, 0.9961802024141792, 0.9964509207464424, 0.9967283620394921, 0.996873857919543, 0.996873857919543, 0.996873857919543, 0.996873857919543, 0.996873857919543, 0.9969064813519244, 0.9969506959554141, 0.9969506959554141, 0.9970800171317438, 0.9970800171317438, 0.9970800171317438, 0.9970800171317438, 0.9970800171317438, 0.9970800171317438, 0.9974106566757086, 0.9974106566757086, 0.9974515359531101, 0.9975454501977921, 0.9977159824034488, 0.9977867167163504, 0.9977867167163504, 0.9980624978874462, 0.9980624978874462, 0.9980624978874462, 0.9980624978874462, 0.9980624978874462, 0.9980624978874462, 0.9980624978874462, 0.9981132660199811, 0.9981132660199811, 0.9981132660199811, 0.9981132660199811, 0.9981132660199811, 0.9981132660199811, 0.9981132660199811, 0.9981132660199811, 0.9981132660199811, 0.9981132660199811, 0.9981132660199811, 0.9981132660199811, 0.9981132660199811, 0.9981961339770891, 0.9981961339770891, 0.9981961339770891, 0.9981961339770891, 0.9990087410776404, 0.9990087410776404, 0.9990087410776404, 0.9990996863119589, 0.9990996863119589, 0.9990996863119589, 0.9990996863119589, 0.9990996863119589, 0.9990996863119589, 0.9990996863119589, 0.9990996863119589, 0.9990996863119589, 0.9990996863119589, 0.9990996863119589], "history": {"loss": [4.967746257781982, 4.816227912902832, 4.781251907348633, 4.748566627502441, 4.718755722045898, 4.698505878448486, 4.684854030609131, 4.674849987030029, 4.668325901031494, 4.663057327270508, 4.658764362335205, 4.6549458503723145, 4.6523118019104, 4.649085998535156, 4.647006034851074, 4.645133018493652, 4.643594264984131, 4.641800403594971, 4.639986038208008, 4.639009952545166, 4.637538909912109, 4.636619567871094, 4.6359782218933105, 4.634711742401123, 4.63363790512085, 4.632755756378174, 4.631939888000488, 4.631218433380127, 4.630331516265869, 4.629828453063965], "top-1-accuracy": [0.17792938649654388, 0.2665150463581085, 0.28492528200149536, 0.3179553747177124, 0.3478449285030365, 0.3761100172996521, 0.39787739515304565, 0.41823694109916687, 0.42700886726379395, 0.44054579734802246, 0.4419536590576172, 0.4434697926044464, 0.44671866297721863, 0.4536495506763458, 0.4547325074672699, 0.4614468216896057, 0.4614468216896057, 0.4622049033641815, 0.46112194657325745, 0.4709768295288086, 0.4698938727378845, 0.4711934030056, 0.4691357910633087, 0.4692440927028656, 0.473467618227005, 0.47465887665748596, 0.47725796699523926, 0.4759584069252014, 0.47660818696022034, 0.4745505750179291], "top-10-accuracy": [0.641433835029602, 0.7550357580184937, 0.7902317643165588, 0.8157894611358643, 0.8351743817329407, 0.8517435789108276, 0.8589993715286255, 0.8654970526695251, 0.8680961728096008, 0.870262086391449, 0.8736192584037781, 0.8744856119155884, 0.8726446032524109, 0.8777344822883606, 0.879683792591095, 0.8763266205787659, 0.8782759308815002, 0.8801169395446777, 0.8799003958702087, 0.8800086379051208, 0.8831492066383362, 0.882174551486969, 0.8836907148361206, 0.8835824131965637, 0.8830409646034241, 0.8826077580451965, 0.8849902749061584, 0.8849902749061584, 0.8855317234992981, 0.886722981929779], "top-1-throughput": [0.3366371691226959, 0.4475117623806, 0.4737102687358856, 0.5116983652114868, 0.5455647110939026, 0.5717390179634094, 0.5939297676086426, 0.6101042032241821, 0.6208005547523499, 0.6305410265922546, 0.6320826411247253, 0.6373863816261292, 0.6412783265113831, 0.6463118195533752, 0.6470265984535217, 0.6539923548698425, 0.6558097004890442, 0.6535099148750305, 0.6551258563995361, 0.6589307188987732, 0.6627551913261414, 0.6619483828544617, 0.6622200608253479, 0.6617628335952759, 0.6644061803817749, 0.6666002869606018, 0.6671064496040344, 0.6653129458427429, 0.6680932641029358, 0.6670437455177307], "top-10-throughput": [0.7740716338157654, 0.8649271726608276, 0.8901957273483276, 0.9082295894622803, 0.9211204051971436, 0.9292241930961609, 0.932597815990448, 0.9357189536094666, 0.936875581741333, 0.9384173154830933, 0.9395932555198669, 0.9410551190376282, 0.940922200679779, 0.9429004788398743, 0.944321870803833, 0.9428985714912415, 0.9441672563552856, 0.9455215930938721, 0.9457218647003174, 0.9468023180961609, 0.9471250772476196, 0.9463691115379333, 0.9486078023910522, 0.9486901760101318, 0.9474220275878906, 0.9475663900375366, 0.9485538601875305, 0.9497784376144409, 0.9497016668319702, 0.9503716230392456], "val_loss": [4.765847206115723, 4.750278949737549, 4.673982620239258, 4.632397651672363, 4.583069324493408, 4.570461750030518, 4.552175998687744, 4.539928436279297, 4.539499282836914, 4.533111095428467, 4.528858184814453, 4.522775650024414, 4.521439075469971, 4.520536422729492, 4.522881031036377, 4.521435737609863, 4.514726638793945, 4.510411739349365, 4.511307239532471, 4.512418746948242, 4.512984275817871, 4.505992889404297, 4.5079545974731445, 4.514832496643066, 4.505075454711914, 4.5101094245910645, 4.500156879425049, 4.502922058105469, 4.507807731628418, 4.5065813064575195],