{"top-k-accuracy": [0.6260204081632653, 0.7938775510204081, 0.8663265306122448, 0.9035714285714286, 0.9168367346938775, 0.9301020408163265, 0.9372448979591836, 0.9413265306122449, 0.948469387755102, 0.9530612244897959, 0.9551020408163265, 0.9581632653061225, 0.963265306122449, 0.9658163265306122, 0.9678571428571429, 0.9709183673469388, 0.9734693877551021, 0.9760204081632653, 0.9780612244897959, 0.9806122448979592, 0.9811224489795919, 0.9821428571428571, 0.9841836734693877, 0.986734693877551, 0.9877551020408163, 0.9887755102040816, 0.9897959183673469, 0.9908163265306122, 0.9913265306122448, 0.9923469387755102, 0.9928571428571429, 0.9928571428571429, 0.9938775510204082, 0.9938775510204082, 0.9938775510204082, 0.9938775510204082, 0.9948979591836735, 0.9954081632653061, 0.9954081632653061, 0.9954081632653061, 0.9954081632653061, 0.9954081632653061, 0.9954081632653061, 0.9954081632653061, 0.9954081632653061, 0.9954081632653061, 0.9954081632653061, 0.9959183673469387, 0.9959183673469387, 0.9959183673469387, 0.9959183673469387, 0.9959183673469387, 0.9959183673469387, 0.9959183673469387, 0.9959183673469387, 0.9959183673469387, 0.9959183673469387, 0.9964285714285714, 0.9964285714285714, 0.9964285714285714, 0.9964285714285714, 0.9964285714285714, 0.9964285714285714, 0.9964285714285714, 0.9964285714285714, 0.9964285714285714, 0.9964285714285714, 0.9964285714285714, 0.9964285714285714, 0.9964285714285714, 0.9964285714285714, 0.9964285714285714, 0.9964285714285714, 0.9964285714285714, 0.9964285714285714, 0.9964285714285714, 0.9964285714285714, 0.9964285714285714, 0.9964285714285714, 0.9964285714285714, 0.9964285714285714, 0.9964285714285714, 0.996938775510204, 0.9974489795918368, 0.9974489795918368, 0.9974489795918368, 0.9974489795918368, 0.9974489795918368, 0.9974489795918368, 0.9974489795918368, 0.9974489795918368, 0.9974489795918368, 0.9974489795918368, 0.9974489795918368, 0.9979591836734694, 0.9979591836734694, 0.9979591836734694, 0.9979591836734694, 0.9979591836734694, 0.9979591836734694], "top-k-throughput-ratio": [0.7897464857549401, 0.8867566169606654, 0.9223129168848434, 0.9417651051443764, 0.9476911598472405, 0.9564993817356932, 0.9608827010394221, 0.9639047656805745, 0.9695518036001374, 0.9730766894664981, 0.9753994644908943, 0.9766805725519109, 0.9782395162155003, 0.9802831243718025, 0.9818529044684617, 0.9842948254482748, 0.9864748702470623, 0.9880016207412059, 0.9886232802588693, 0.9896737653192443, 0.9898195169084492, 0.9901986239070023, 0.9916933315597075, 0.9924331226244483, 0.9925230604873909, 0.993254701560175, 0.9938864212647538, 0.9946496348272466, 0.9951066636700304, 0.9951897454911522, 0.9957205163571157, 0.9957205163571157, 0.9964137349729275, 0.9967187574394097, 0.9967187574394097, 0.9967187574394097, 0.9969584561084173, 0.9969752525040183, 0.9969752525040183, 0.9969752525040183, 0.9969752525040183, 0.9969752525040183, 0.9969752525040183, 0.9969752525040183, 0.9969752525040183, 0.9969752525040183, 0.9969752525040183, 0.997105852522139, 0.997105852522139, 0.997105852522139, 0.997105852522139, 0.997105852522139, 0.997105852522139, 0.997105852522139, 0.997105852522139, 0.997105852522139, 0.997105852522139, 0.9978307378030533, 0.9978307378030533, 0.9978307378030533, 0.9978307378030533, 0.9978307378030533, 0.9978307378030533, 0.9978307378030533, 0.9978307378030533, 0.9978307378030533, 0.9978307378030533, 0.9978307378030533, 0.9978307378030533, 0.9978307378030533, 0.9978307378030533, 0.9978307378030533, 0.9978307378030533, 0.9978307378030533, 0.9978307378030533, 0.9978307378030533, 0.9978307378030533, 0.9978307378030533, 0.9978307378030533, 0.9978307378030533, 0.9978307378030533, 0.9978307378030533, 0.9978364149642179, 0.9985613002451322, 0.9985613002451322, 0.9985613002451322, 0.9985613002451322, 0.9985613002451322, 0.9985613002451322, 0.9985613002451322, 0.9985613002451322, 0.9985613002451322, 0.9985613002451322, 0.9985613002451322, 0.9987016656630938, 0.9987016656630938, 0.9987016656630938, 0.9987016656630938, 0.9987016656630938, 0.9987016656630938], "history": {"loss": [3.3718960285186768, 2.3622634410858154, 2.215710163116455, 2.14668869972229, 2.083822727203369, 2.042417049407959, 2.003796339035034, 1.9747426509857178, 1.9458683729171753, 1.9008967876434326, 1.8808599710464478, 1.8451409339904785, 1.8152285814285278, 1.7921940088272095, 1.7603213787078857, 1.72899329662323, 1.6952012777328491, 1.6611578464508057, 1.629639744758606, 1.6109788417816162, 1.5865370035171509, 1.560589075088501, 1.5308184623718262, 1.5010333061218262, 1.4810923337936401, 1.452232837677002, 1.43559730052948, 1.4112766981124878, 1.4003514051437378, 1.3807036876678467], "top-1-accuracy": [0.29597142338752747, 0.403292179107666, 0.4494260251522064, 0.47130170464515686, 0.4896036386489868, 0.4957764744758606, 0.5051981806755066, 0.5113710165023804, 0.5170024037361145, 0.5323803424835205, 0.531947135925293, 0.5351960062980652, 0.548191487789154, 0.5455923676490784, 0.5550140738487244, 0.5594542026519775, 0.5681177973747253, 0.576673150062561, 0.5793805718421936, 0.583604097366333, 0.5865280628204346, 0.5983322262763977, 0.602664053440094, 0.6063461303710938, 0.6142516732215881, 0.6200996041297913, 0.6173922419548035, 0.6228070259094238, 0.6299545168876648, 0.629737913608551], "top-10-accuracy": [0.7871994972229004, 0.8766515254974365, 0.8975525498390198, 0.9048083424568176, 0.9146631956100464, 0.9197530746459961, 0.9239766001701355, 0.9273337721824646, 0.9314489960670471, 0.9348061680793762, 0.9385964870452881, 0.9410873055458069, 0.9468269348144531, 0.9523500204086304, 0.9529997706413269, 0.9573315978050232, 0.9594975113868713, 0.9659952521324158, 0.9653454422950745, 0.9707602262496948, 0.9720597863197327, 0.9746588468551636, 0.9736841917037964, 0.9779077172279358, 0.9783409237861633, 0.9820229411125183, 0.9814814925193787, 0.9819146394729614, 0.9842971563339233, 0.9847303628921509], "top-1-throughput": [0.4040599763393402, 0.5359876155853271, 0.5831139087677002, 0.6107044816017151, 0.6296142935752869, 0.6363263726234436, 0.6489391326904297, 0.6572136282920837, 0.6626487970352173, 0.6799641251564026, 0.6799753904342651, 0.6854662299156189, 0.6955981254577637, 0.6986067295074463, 0.7048923373222351, 0.7123808264732361, 0.7233929634094238, 0.7334031462669373, 0.7417200803756714, 0.7425082325935364, 0.7502831220626831, 0.7594181895256042, 0.7663716077804565, 0.7703227996826172, 0.7846875190734863, 0.786792516708374, 0.7924850583076477, 0.7990429401397705, 0.8032236099243164, 0.8066916465759277], "top-10-throughput": [0.8561240434646606, 0.9285404682159424, 0.9420002102851868, 0.9471989870071411, 0.954363226890564, 0.9568371772766113, 0.9596245288848877, 0.9630261063575745, 0.9653589725494385, 0.9683903455734253, 0.9723969101905823, 0.9731050729751587, 0.9757874011993408, 0.979904294013977, 0.9815821647644043, 0.9837967157363892, 0.9844438433647156, 0.9881206154823303, 0.9877391457557678, 0.9909259080886841, 0.9913198947906494, 0.9919349551200867, 0.9913087487220764, 0.9935063123703003, 0.9939685463905334, 0.9945710301399231, 0.9949361085891724, 0.9952679872512817, 0.9956895709037781, 0.996355414390564], "val_loss": [1.981039047241211, 1.7892420291900635, 1.743405818939209, 1.7183027267456055, 1.69713294506073, 1.6204450130462646, 1.6212761402130127, 1.5921651124954224, 1.6036739349365234, 1.5576860904693604, 1.5743769407272339, 1.564516305923462, 1.5786569118499756, 1.5527217388153076, 1.6013414859771729, 1.5824575424194336, 1.5605071783065796, 1.6073578596115112, 1.5880374908447266, 1.6267828941345215, 1.6162445545196533, 1.6342734098434448, 1.6266456842422485, 1.6231658458709717, 1.612673044204712, 1.6316941976547241, 1.6524627208709717, 1.649551510810852, 1.616686463356018, 1.6235874891281128],