{"top-k-accuracy": [0.2913265306122449, 0.48367346938775513, 0.6392857142857142, 0.7239795918367347, 0.7510204081632653, 0.8035714285714286, 0.8387755102040816, 0.8561224489795919, 0.8765306122448979, 0.888265306122449, 0.9081632653061225, 0.9122448979591836, 0.9183673469387755, 0.923469387755102, 0.9306122448979591, 0.936734693877551, 0.9438775510204082, 0.948469387755102, 0.9540816326530612, 0.9581632653061225, 0.9607142857142857, 0.9622448979591837, 0.9658163265306122, 0.9663265306122449, 0.9678571428571429, 0.9693877551020408, 0.9693877551020408, 0.9704081632653061, 0.9724489795918367, 0.9729591836734693, 0.9734693877551021, 0.9734693877551021, 0.9739795918367347, 0.9739795918367347, 0.9739795918367347, 0.9744897959183674, 0.975, 0.975, 0.975, 0.9755102040816327, 0.9790816326530613, 0.9790816326530613, 0.9790816326530613, 0.9795918367346939, 0.9795918367346939, 0.9806122448979592, 0.9826530612244898, 0.9836734693877551, 0.986734693877551, 0.9877551020408163, 0.988265306122449, 0.9887755102040816, 0.9887755102040816, 0.9887755102040816, 0.9887755102040816, 0.9887755102040816, 0.9892857142857143, 0.9892857142857143, 0.9892857142857143, 0.9892857142857143, 0.9892857142857143, 0.9897959183673469, 0.9897959183673469, 0.9908163265306122, 0.9908163265306122, 0.9913265306122448, 0.9913265306122448, 0.9913265306122448, 0.9913265306122448, 0.9913265306122448, 0.9913265306122448, 0.9913265306122448, 0.9918367346938776, 0.9918367346938776, 0.9918367346938776, 0.9923469387755102, 0.9923469387755102, 0.9923469387755102, 0.9928571428571429, 0.9933673469387755, 0.9933673469387755, 0.9948979591836735, 0.9954081632653061, 0.9954081632653061, 0.9954081632653061, 0.9954081632653061, 0.9954081632653061, 0.9954081632653061, 0.9954081632653061, 0.9959183673469387, 0.9964285714285714, 0.9964285714285714, 0.9964285714285714, 0.9964285714285714, 0.9964285714285714, 0.9964285714285714, 0.9964285714285714, 0.9964285714285714, 0.9964285714285714, 0.9974489795918368], "top-k-throughput-ratio": [0.38704600540575684, 0.5867644417730815, 0.7202482948542722, 0.7784678950968749, 0.8035901966888519, 0.8562402520182418, 0.8898466915010097, 0.9077581464624114, 0.918647964224565, 0.9315870637799872, 0.9452524036699247, 0.9484541081749845, 0.952855739598291, 0.9543819120588688, 0.9597027113895915, 0.9647222133564964, 0.968441570599091, 0.9721527660132423, 0.9749726787005611, 0.9781506934243102, 0.9784331808461216, 0.9795491169034539, 0.9811615418554154, 0.9812465522272552, 0.9822878583757036, 0.9827803799903009, 0.9827985447269455, 0.9828954495443896, 0.9833628556182565, 0.9840877408991708, 0.9841020405559733, 0.9841020405559733, 0.9841517261096207, 0.9841517261096207, 0.9841517261096207, 0.984876611390535, 0.9856014966714491, 0.9856014966714491, 0.9856014966714491, 0.9856143528416732, 0.9863158068790975, 0.9867408637457076, 0.9867522251325689, 0.9868925905505306, 0.9868925905505306, 0.988367768926098, 0.9902052855631982, 0.9913834085089761, 0.9938100135120582, 0.9946104904541597, 0.9947195900801683, 0.9947848246062183, 0.9947848246062183, 0.9947848246062183, 0.9947891660450898, 0.9947891660450898, 0.9950861597411763, 0.9950861597411763, 0.9950861597411763, 0.9950861597411763, 0.9950861597411763, 0.995106863399987, 0.995106863399987, 0.9951400665806079, 0.9951400665806079, 0.9958649518615222, 0.9958649518615222, 0.9958649518615222, 0.9958649518615222, 0.9958649518615222, 0.9958649518615222, 0.9958649518615222, 0.9965898371424364, 0.9965898371424364, 0.996677677159651, 0.9967472357402111, 0.9967472357402111, 0.9967472357402111, 0.9968390198259799, 0.9969488673102518, 0.9969488673102518, 0.9972845768301507, 0.9974242128370571, 0.9974242128370571, 0.9974242128370571, 0.9974242128370571, 0.9974242128370571, 0.9974242128370571, 0.9974242128370571, 0.9975124532268647, 0.9983333431748174, 0.9983333431748174, 0.9983333431748174, 0.9983333431748174, 0.9983333431748174, 0.9983333431748174, 0.9983333431748174, 0.9983333431748174, 0.9983333431748174, 0.9983988083086117], "history": {"loss": [12.288914680480957, 4.547975540161133, 4.170706748962402, 3.87040638923645, 3.691190481185913, 3.5194318294525146, 3.3964085578918457, 3.2981112003326416, 3.2112436294555664, 3.1663944721221924, 3.1396658420562744, 3.109816312789917, 3.0889036655426025, 3.0610032081604004, 3.059065103530884, 3.0614376068115234, 3.027505397796631, 3.019620418548584, 3.003793478012085, 2.9900903701782227, 2.9680516719818115, 2.9762885570526123, 2.9596118927001953, 2.9565916061401367, 2.952186346054077, 2.955901861190796, 2.9441745281219482, 2.941567897796631, 2.9360246658325195, 2.941382884979248], "top-1-accuracy": [0.11067792773246765, 0.13547758758068085, 0.14424951374530792, 0.15453757345676422, 0.17370587587356567, 0.17814597487449646, 0.18486030399799347, 0.19439029693603516, 0.19720597565174103, 0.20402859151363373, 0.20218756794929504, 0.2085769921541214, 0.2162659764289856, 0.22243881225585938, 0.21734893321990967, 0.21691574156284332, 0.22178904712200165, 0.23034438490867615, 0.22720381617546082, 0.23229369521141052, 0.2419319897890091, 0.23229369521141052, 0.23965778946876526, 0.23889972269535065, 0.23445960879325867, 0.23749187588691711, 0.24810482561588287, 0.24030755460262299, 0.2426900565624237, 0.24723847210407257], "top-10-accuracy": [0.5031405687332153, 0.587286114692688, 0.5983322262763977, 0.6317955255508423, 0.6493393778800964, 0.6703487038612366, 0.6873511075973511, 0.7050032615661621, 0.7240632176399231, 0.7301278114318848, 0.7433398365974426, 0.7505956292152405, 0.7513536810874939, 0.7555772066116333, 0.7607753872871399, 0.7555772066116333, 0.7673814296722412, 0.7681394815444946, 0.7703053951263428, 0.7803768515586853, 0.7831925749778748, 0.7756118774414062, 0.78178471326828, 0.7826510667800903, 0.7860082387924194, 0.7824344635009766, 0.7850335836410522, 0.7811349630355835, 0.7840589284896851, 0.7844920754432678], "top-1-throughput": [0.1710345298051834, 0.20113112032413483, 0.21560896933078766, 0.22916166484355927, 0.2530084550380707, 0.2616363763809204, 0.26961854100227356, 0.2846446931362152, 0.2840108871459961, 0.2925603985786438, 0.2939208149909973, 0.2998080253601074, 0.30768492817878723, 0.3121664822101593, 0.31041476130485535, 0.305921345949173, 0.31498369574546814, 0.32167959213256836, 0.32096946239471436, 0.3263317942619324, 0.3354380428791046, 0.3280201256275177, 0.3356180489063263, 0.33415037393569946, 0.33002719283103943, 0.3324977457523346, 0.3401927053928375, 0.33398231863975525, 0.3384809195995331, 0.34017330408096313], "top-10-throughput": [0.6170592904090881, 0.7004075050354004, 0.7139653563499451, 0.7400903105735779, 0.7570590972900391, 0.7726944088935852, 0.788817286491394, 0.8015274405479431, 0.8170297145843506, 0.822662353515625, 0.8307088613510132, 0.8374719023704529, 0.841953694820404, 0.8463082909584045, 0.8476450443267822, 0.8456687927246094, 0.8528160452842712, 0.8541364073753357, 0.853478193283081, 0.8599178791046143, 0.8644132614135742, 0.8586176037788391, 0.8608934879302979, 0.8649464249610901, 0.8665658831596375, 0.8620304465293884, 0.8669456243515015, 0.8616504073143005, 0.8656415939331055, 0.863301694393158], "val_loss": [4.905881404876709, 4.186856746673584, 3.8950955867767334, 3.6014416217803955, 3.3220317363739014, 3.0854475498199463, 3.022320032119751, 2.948669195175171, 2.92488694190979, 2.7515480518341064, 2.798755645751953, 2.7520132064819336, 2.76115083694458, 2.7740399837493896, 2.637385845184326, 2.672395944595337, 2.7072036266326904, 2.772632598876953, 2.7690067291259766, 2.6115612983703613, 2.717095136642456, 2.5935776233673096, 2.62854266166687, 2.657059907913208, 2.6838979721069336, 2.6537868976593018, 2.611388683319092, 2.617389440536499, 2.656073570251465, 2.6669325828552246],