{"top-k-accuracy": [0.08214285714285714, 0.20510204081632652, 0.23826530612244898, 0.3408163265306122, 0.363265306122449, 0.4163265306122449, 0.536734693877551, 0.5785714285714286, 0.6642857142857143, 0.6846938775510204, 0.7, 0.7025510204081633, 0.7117346938775511, 0.7183673469387755, 0.7280612244897959, 0.7331632653061224, 0.735204081632653, 0.736734693877551, 0.7372448979591837, 0.7372448979591837, 0.7377551020408163, 0.7387755102040816, 0.7387755102040816, 0.7397959183673469, 0.7428571428571429, 0.7494897959183674, 0.7561224489795918, 0.7561224489795918, 0.7561224489795918, 0.7561224489795918, 0.7566326530612245, 0.7566326530612245, 0.7566326530612245, 0.7566326530612245, 0.7566326530612245, 0.7566326530612245, 0.7566326530612245, 0.7581632653061224, 0.7581632653061224, 0.7581632653061224, 0.7586734693877552, 0.7612244897959184, 0.7612244897959184, 0.761734693877551, 0.761734693877551, 0.761734693877551, 0.761734693877551, 0.761734693877551, 0.761734693877551, 0.761734693877551, 0.761734693877551, 0.7627551020408163, 0.7642857142857142, 0.7653061224489796, 0.7653061224489796, 0.7653061224489796, 0.7653061224489796, 0.7653061224489796, 0.7663265306122449, 0.7678571428571429, 0.7678571428571429, 0.7683673469387755, 0.7698979591836734, 0.7780612244897959, 0.7913265306122449, 0.7959183673469388, 0.7959183673469388, 0.7959183673469388, 0.7959183673469388, 0.8122448979591836, 0.8122448979591836, 0.8122448979591836, 0.8122448979591836, 0.8122448979591836, 0.8122448979591836, 0.8122448979591836, 0.8122448979591836, 0.8122448979591836, 0.8122448979591836, 0.8122448979591836, 0.8122448979591836, 0.8122448979591836, 0.8122448979591836, 0.8122448979591836, 0.8122448979591836, 0.8122448979591836, 0.8122448979591836, 0.8122448979591836, 0.8122448979591836, 0.8122448979591836, 0.8122448979591836, 0.8122448979591836, 0.8122448979591836, 0.8122448979591836, 0.8127551020408164, 0.8127551020408164, 0.8127551020408164, 0.8127551020408164, 0.8127551020408164, 0.8127551020408164], "top-k-throughput-ratio": [0.1391058419903217, 0.23808804082177065, 0.29866924213777546, 0.40585441791356824, 0.4226352523421915, 0.4684865448557858, 0.582260911370228, 0.6252872765016578, 0.7011403325742626, 0.7089921223477408, 0.7201012910480284, 0.7240235318186715, 0.7326896464713425, 0.7404620329373491, 0.7539393333305635, 0.7580591213247542, 0.7598456280894001, 0.7609231323123716, 0.7613029928453833, 0.7617960201304702, 0.7621779490598825, 0.7629320148078248, 0.7632037211334507, 0.7633898032728974, 0.7671025555146286, 0.7773877539239757, 0.784318128526282, 0.784842333614147, 0.784842333614147, 0.784842333614147, 0.785085907687521, 0.785085907687521, 0.785085907687521, 0.785085907687521, 0.785085907687521, 0.7856262596411367, 0.7857983855643493, 0.7868461312381125, 0.7871782736339566, 0.7871782736339566, 0.7876938050510134, 0.7908128693181958, 0.7908128693181958, 0.7920667423805821, 0.7920667423805821, 0.7920667423805821, 0.7920667423805821, 0.7920667423805821, 0.7920667423805821, 0.7920667423805821, 0.7920667423805821, 0.7923892068030088, 0.7940232224216832, 0.7957128405589361, 0.7964576379693585, 0.7964576379693585, 0.7964576379693585, 0.7964576379693585, 0.7966592695393993, 0.7972269731511413, 0.7972269731511413, 0.7973163156473194, 0.798333362116803, 0.8063850967478904, 0.8202739860448499, 0.8248125730196798, 0.8248125730196798, 0.8254664529583594, 0.8254664529583594, 0.8483688527246617, 0.8484820713671759, 0.8484820713671759, 0.8486041931653587, 0.8486041931653587, 0.8486041931653587, 0.8486041931653587, 0.8486041931653587, 0.8486041931653587, 0.8486041931653587, 0.8486041931653587, 0.8486041931653587, 0.8486041931653587, 0.8486041931653587, 0.8486173976511219, 0.8486173976511219, 0.8486173976511219, 0.8486173976511219, 0.8486173976511219, 0.8486173976511219, 0.8486173976511219, 0.8486173976511219, 0.8486173976511219, 0.8486173976511219, 0.8486173976511219, 0.8486189565235396, 0.8486189565235396, 0.8486189565235396, 0.8486189565235396, 0.8486189565235396, 0.8486189565235396], "history": {"global": {"loss": [33.297767639160156, 37.880958557128906, 37.92155456542969, 35.559268951416016, 41.844749450683594, 50.0986442565918, 35.56937789916992, 51.03987503051758, 40.36214065551758, 39.77022171020508, 38.564456939697266, 33.84040069580078, 41.926849365234375, 43.68408966064453, 51.28409194946289, 44.8742561340332, 47.67042541503906, 51.43244171142578, 103.95043182373047, 54.13230895996094, 63.93502426147461, 65.63248443603516, 97.53887176513672, 77.08870697021484, 103.98583221435547, 66.12788391113281, 67.13441467285156, 116.27806091308594, 86.79206085205078, 105.90699005126953], "val_loss": [], "top-1-accuracy": [0.27423468232154846, 0.06836734712123871, 0.09642857313156128, 0.05051020532846451, 0.08622448891401291, 0.06836734712123871, 0.059183672070503235, 0.016326529905200005, 0.059183672070503235, 0.059183672070503235, 0.044897958636283875, 0.06887754797935486, 0.05714285746216774, 0.058673471212387085, 0.06836734712123871, 0.07959183305501938, 0.06989795714616776, 0.0693877562880516, 0.03928571566939354, 0.06989795714616776, 0.03877551108598709, 0.08010204136371613, 0.037244897335767746, 0.06836734712123871, 0.037244897335767746, 0.07551020383834839, 0.06836734712123871, 0.037244897335767746, 0.06836734712123871, 0.08214285969734192], "top-10-accuracy": [0.7479591965675354, 0.6459183692932129, 0.6494898200035095, 0.656632661819458, 0.6607142686843872, 0.6520408391952515, 0.6857143044471741, 0.6627551317214966, 0.6734693646430969, 0.6954081654548645, 0.6760203838348389, 0.6826530694961548, 0.670918345451355, 0.670918345451355, 0.5959183573722839, 0.6295918226242065, 0.6173469424247742, 0.4928571283817291, 0.45867347717285156, 0.563265323638916, 0.6086734533309937, 0.6806122660636902, 0.6071428656578064, 0.6729592084884644, 0.6846938729286194, 0.6857143044471741, 0.690816342830658, 0.6846938729286194, 0.6984694004058838, 0.6846938729286194], "top-1-throughput": [0.35931235551834106, 0.0971272736787796, 0.16658233106136322, 0.09682868421077728, 0.12666520476341248, 0.0971272736787796, 0.09878377616405487, 0.045840322971343994, 0.09878377616405487, 0.09878377616405487, 0.08253195136785507, 0.09763748198747635, 0.09541196376085281, 0.09861673414707184, 0.0971272736787796, 0.11309110373258591, 0.09881562739610672, 0.0987003818154335, 0.10526120662689209, 0.10557005554437637, 0.10350468754768372, 0.12450545281171799, 0.09437805414199829, 0.0971272736787796, 0.09437805414199829, 0.15123197436332703, 0.0971272736787796, 0.09437805414199829, 0.0971272736787796, 0.1592961847782135], "top-10-throughput": [0.8028040528297424, 0.7203601598739624, 0.7234958410263062, 0.7370038628578186, 0.7393401265144348, 0.7255380153656006, 0.7395859360694885, 0.7309240102767944, 0.7352691292762756, 0.7579789161682129, 0.7190300226211548, 0.7392024397850037, 0.7159579992294312, 0.7159579992294312, 0.6662561893463135, 0.6910202503204346, 0.7015795111656189, 0.6032214164733887, 0.535326361656189, 0.6603024005889893, 0.6625746488571167, 0.714083731174469, 0.6602252721786499, 0.7175189256668091, 0.7219772934913635, 0.7221487164497375, 0.7426788210868835, 0.7219772934913635, 0.7581456899642944, 0.7219947576522827], "val_top-1-accuracy": [], "val_top-10-accuracy": [], "val_top-1-throughput": [], "val_top-10-throughput": []}, "vehicle 0": {"loss": [[2.912665605545044], [2.3088173866271973], [2.087214231491089], [1.9610434770584106], [1.8638955354690552], [1.76702880859375], [1.6662677526474], [1.5640745162963867], [1.4716321229934692], [1.3717914819717407], [1.2911553382873535], [1.2161394357681274], [1.1505900621414185], [1.1022872924804688], [1.0735670328140259], [1.043036937713623], [1.0091681480407715], [0.9924810528755188], [0.9710280895233154], [0.9561271071434021], [0.9451815485954285], [0.9380889534950256], [0.9261713624000549], [0.9142704010009766], [0.9113200306892395], [0.901391327381134], [0.891963541507721], [0.8919665217399597], [0.8792940378189087], [0.8811872005462646]],