{"top-k-accuracy": [0.2357142857142857, 0.3892857142857143, 0.46377551020408164, 0.5326530612244897, 0.585204081632653, 0.6260204081632653, 0.6566326530612245, 0.6795918367346939, 0.6908163265306122, 0.7112244897959183, 0.7321428571428571, 0.7505102040816326, 0.7637755102040816, 0.7846938775510204, 0.8051020408163265, 0.8198979591836735, 0.8316326530612245, 0.8418367346938775, 0.85, 0.8586734693877551, 0.8683673469387755, 0.8801020408163265, 0.8913265306122449, 0.9020408163265307, 0.9076530612244897, 0.9132653061224489, 0.9173469387755102, 0.9188775510204081, 0.9219387755102041, 0.9244897959183673, 0.926530612244898, 0.9280612244897959, 0.9311224489795918, 0.9321428571428572, 0.935204081632653, 0.9372448979591836, 0.939795918367347, 0.9413265306122449, 0.9428571428571428, 0.9443877551020409, 0.9469387755102041, 0.948469387755102, 0.9505102040816327, 0.9545918367346938, 0.9566326530612245, 0.9591836734693877, 0.9607142857142857, 0.9612244897959183, 0.9622448979591837, 0.9637755102040816, 0.9658163265306122, 0.9673469387755103, 0.9678571428571429, 0.9683673469387755, 0.9688775510204082, 0.9688775510204082, 0.9688775510204082, 0.9688775510204082, 0.9688775510204082, 0.9693877551020408, 0.9693877551020408, 0.9693877551020408, 0.9693877551020408, 0.9704081632653061, 0.9704081632653061, 0.9709183673469388, 0.9709183673469388, 0.9709183673469388, 0.9709183673469388, 0.9709183673469388, 0.9709183673469388, 0.9709183673469388, 0.9719387755102041, 0.9724489795918367, 0.9729591836734693, 0.9729591836734693, 0.9729591836734693, 0.9734693877551021, 0.9739795918367347, 0.9739795918367347, 0.9739795918367347, 0.9744897959183674, 0.9744897959183674, 0.9744897959183674, 0.9744897959183674, 0.9744897959183674, 0.975, 0.9755102040816327, 0.9760204081632653, 0.9760204081632653, 0.9760204081632653, 0.9760204081632653, 0.9760204081632653, 0.9760204081632653, 0.9760204081632653, 0.9760204081632653, 0.9760204081632653, 0.9760204081632653, 0.9760204081632653, 0.9760204081632653], "top-k-throughput-ratio": [0.3167487488649648, 0.4726856356360653, 0.5496203805761273, 0.6057314924102397, 0.6488658979438944, 0.686769004902508, 0.7097250401289883, 0.730898706855128, 0.7457504336029784, 0.766411916664562, 0.7893127277437737, 0.8096525074418828, 0.82593020939744, 0.8384623724891496, 0.8560352515812211, 0.8643487935055086, 0.8701551401532827, 0.87924498759092, 0.8862169092507646, 0.8930239271625593, 0.9009475590405102, 0.908257352779268, 0.9163619789745492, 0.9282246977173892, 0.9340754441617856, 0.9382825981691454, 0.9413893659300216, 0.9421048902409069, 0.9443638396900194, 0.9454172429400862, 0.9464230128345642, 0.947305476297399, 0.9485802075947631, 0.9502131048344389, 0.9521680987905244, 0.9535169508608977, 0.9546496919895253, 0.9562317002810408, 0.9581386627986131, 0.9585017772697929, 0.9598508268662749, 0.960665639063107, 0.9632966954762547, 0.9673085247431409, 0.9693198859075103, 0.9717308875128241, 0.9718140424497448, 0.9718163458337422, 0.9719400444185323, 0.9728193092405917, 0.9750693061945359, 0.9763978656904836, 0.9764157604235544, 0.9764295145492918, 0.9773034695918269, 0.9773055250453011, 0.9773055250453011, 0.9773055250453011, 0.9773055250453011, 0.9780304103262153, 0.9783355548133558, 0.9783355548133558, 0.9785081866006057, 0.9786555931711551, 0.9788370926955859, 0.9791846650909688, 0.9791846650909688, 0.9791846650909688, 0.9792028298276134, 0.9792028298276134, 0.9792028298276134, 0.9792028298276134, 0.9800108338589338, 0.9807357191398481, 0.9809523936235258, 0.9809523936235258, 0.9809523936235258, 0.9809578893077564, 0.9811874056374522, 0.9811874056374522, 0.9813969306151905, 0.9814069492152266, 0.9814069492152266, 0.9814069492152266, 0.9814069492152266, 0.9814183106020882, 0.9822392005500405, 0.9823795659680024, 0.98246780635781, 0.9826775480777754, 0.9826775480777754, 0.9826775480777754, 0.9829075456287013, 0.9829075456287013, 0.9829075456287013, 0.9829075456287013, 0.9829075456287013, 0.9829075456287013, 0.9836115613180132, 0.983765335411394], "history": [{"validation-top-1-accuracy": 0.09081632643938065, "validation-top-10-accuracy": 0.5362244844436646, "validation-top-1-throughput": 0.1498098373413086, "validation-top-10-throughput": 0.6455978751182556}, {"validation-top-1-accuracy": 0.19081632792949677, "validation-top-10-accuracy": 0.6959183812141418, "validation-top-1-throughput": 0.256646066904068, "validation-top-10-throughput": 0.7656720876693726}, {"validation-top-1-accuracy": 0.1617347002029419, "validation-top-10-accuracy": 0.6989796161651611, "validation-top-1-throughput": 0.22069592773914337, "validation-top-10-throughput": 0.7618369460105896}, {"validation-top-1-accuracy": 0.1596938818693161, "validation-top-10-accuracy": 0.688265323638916, "validation-top-1-throughput": 0.21880963444709778, "validation-top-10-throughput": 0.7551068067550659}, {"validation-top-1-accuracy": 0.16938775777816772, "validation-top-10-accuracy": 0.6903061270713806, "validation-top-1-throughput": 0.23474550247192383, "validation-top-10-throughput": 0.7592478394508362}, {"validation-top-1-accuracy": 0.16989795863628387, "validation-top-10-accuracy": 0.6897959113121033, "validation-top-1-throughput": 0.22999757528305054, "validation-top-10-throughput": 0.7559158205986023}, {"validation-top-1-accuracy": 0.194387748837471, "validation-top-10-accuracy": 0.6928571462631226, "validation-top-1-throughput": 0.26765158772468567, "validation-top-10-throughput": 0.7596936821937561}, {"validation-top-1-accuracy": 0.18775510787963867, "validation-top-10-accuracy": 0.7158163189888, "validation-top-1-throughput": 0.2516324818134308, "validation-top-10-throughput": 0.7783740758895874}, {"validation-top-1-accuracy": 0.17602041363716125, "validation-top-10-accuracy": 0.7086734771728516, "validation-top-1-throughput": 0.2407567799091339, "validation-top-10-throughput": 0.7791430950164795}, {"validation-top-1-accuracy": 0.22755101323127747, "validation-top-10-accuracy": 0.7056122422218323, "validation-top-1-throughput": 0.30949828028678894, "validation-top-10-throughput": 0.7748050093650818}, {"validation-top-1-accuracy": 0.21581633388996124, "validation-top-10-accuracy": 0.7147959470748901, "validation-top-1-throughput": 0.29275602102279663, "validation-top-10-throughput": 0.7815398573875427}, {"validation-top-1-accuracy": 0.2290816307067871, "validation-top-10-accuracy": 0.7204081416130066, "validation-top-1-throughput": 0.31529921293258667, "validation-top-10-throughput": 0.7869526147842407}, {"validation-top-1-accuracy": 0.2765306234359741, "validation-top-10-accuracy": 0.718367338180542, "validation-top-1-throughput": 0.3711329698562622, "validation-top-10-throughput": 0.7821058630943298}, {"validation-top-1-accuracy": 0.2698979675769806, "validation-top-10-accuracy": 0.7219387888908386, "validation-top-1-throughput": 0.3594222664833069, "validation-top-10-throughput": 0.7918049693107605}, {"validation-top-1-accuracy": 0.2964285612106323, "validation-top-10-accuracy": 0.722449004650116, "validation-top-1-throughput": 0.39719781279563904, "validation-top-10-throughput": 0.7904770374298096}, {"validation-top-1-accuracy": 0.2836734652519226, "validation-top-10-accuracy": 0.7137755155563354, "validation-top-1-throughput": 0.38436734676361084, "validation-top-10-throughput": 0.7799767851829529}, {"validation-top-1-accuracy": 0.2887755036354065, "validation-top-10-accuracy": 0.7168367505073547, "validation-top-1-throughput": 0.38839542865753174, "validation-top-10-throughput": 0.7831263542175293}, {"validation-top-1-accuracy": 0.3045918345451355, "validation-top-10-accuracy": 0.7158163189888, "validation-top-1-throughput": 0.40732836723327637, "validation-top-10-throughput": 0.7823028564453125}, {"validation-top-1-accuracy": 0.2928571403026581, "validation-top-10-accuracy": 0.7127550840377808, "validation-top-1-throughput": 0.38555702567100525, "validation-top-10-throughput": 0.780341625213623}, {"validation-top-1-accuracy": 0.23571428656578064,