{"top-k-accuracy": [0.40561224489795916, 0.6448979591836734, 0.7683673469387755, 0.8357142857142857, 0.8724489795918368, 0.8948979591836734, 0.9137755102040817, 0.9239795918367347, 0.9357142857142857, 0.9433673469387756, 0.9494897959183674, 0.9535714285714286, 0.9566326530612245, 0.9617346938775511, 0.9647959183673469, 0.9673469387755103, 0.9709183673469388, 0.9719387755102041, 0.9729591836734693, 0.975, 0.9755102040816327, 0.976530612244898, 0.9795918367346939, 0.9795918367346939, 0.9801020408163266, 0.9811224489795919, 0.9816326530612245, 0.9826530612244898, 0.9836734693877551, 0.985204081632653, 0.9857142857142858, 0.9857142857142858, 0.986734693877551, 0.988265306122449, 0.9887755102040816, 0.9892857142857143, 0.9908163265306122, 0.9908163265306122, 0.9913265306122448, 0.9913265306122448, 0.9913265306122448, 0.9918367346938776, 0.9923469387755102, 0.9923469387755102, 0.9923469387755102, 0.9923469387755102, 0.9923469387755102, 0.9928571428571429, 0.9933673469387755, 0.9933673469387755, 0.9933673469387755, 0.9933673469387755, 0.9933673469387755, 0.9933673469387755, 0.9933673469387755, 0.9933673469387755, 0.9933673469387755, 0.9933673469387755, 0.9933673469387755, 0.9933673469387755, 0.9938775510204082, 0.9938775510204082, 0.9948979591836735, 0.9948979591836735, 0.9948979591836735, 0.9948979591836735, 0.9948979591836735, 0.9948979591836735, 0.9948979591836735, 0.9948979591836735, 0.9948979591836735, 0.9948979591836735, 0.9948979591836735, 0.9948979591836735, 0.9948979591836735, 0.9948979591836735, 0.9948979591836735, 0.9959183673469387, 0.9959183673469387, 0.9964285714285714, 0.9964285714285714, 0.9964285714285714, 0.9964285714285714, 0.9964285714285714, 0.9964285714285714, 0.996938775510204, 0.996938775510204, 0.996938775510204, 0.996938775510204, 0.996938775510204, 0.996938775510204, 0.996938775510204, 0.996938775510204, 0.996938775510204, 0.996938775510204, 0.9974489795918368, 0.9974489795918368, 0.9974489795918368, 0.9974489795918368, 0.9974489795918368], "top-k-throughput-ratio": [0.5789902151724977, 0.7660685809856547, 0.8487798300791066, 0.8995717928274909, 0.9235669465167085, 0.9375334334707741, 0.9524082217903104, 0.9583396375346562, 0.965142702437683, 0.9713702488858629, 0.9740711827388566, 0.9766017051123217, 0.9787413394563934, 0.9812417063385153, 0.9822100228020789, 0.9836738961434729, 0.9849613275538959, 0.9855310626909926, 0.9859102210466715, 0.9860961688233754, 0.9865587083288447, 0.9875066604229662, 0.9881041697372315, 0.9881041697372315, 0.9890635577233363, 0.9892293662184883, 0.9892407393626762, 0.9894592570009657, 0.9896080591840067, 0.9904229506869722, 0.990923886455659, 0.990923886455659, 0.9912149677119966, 0.9918230261669514, 0.9919085872471357, 0.9920577012625226, 0.9931232531322789, 0.9931232531322789, 0.9932446447816863, 0.9932446447816863, 0.9932446447816863, 0.9934069240593953, 0.9934566096130425, 0.9934566096130425, 0.9934566096130425, 0.9934566096130425, 0.9934566096130425, 0.9939843148724817, 0.9939959518375641, 0.9939959518375641, 0.9939959518375641, 0.9939959518375641, 0.9939959518375641, 0.9940002932764355, 0.9940002932764355, 0.9943913682591967, 0.9943913682591967, 0.9943913682591967, 0.9943913682591967, 0.9943913682591967, 0.994474487009603, 0.994474487009603, 0.995264276859865, 0.995264276859865, 0.995264276859865, 0.995264276859865, 0.995264276859865, 0.995264276859865, 0.995264276859865, 0.995264276859865, 0.995264276859865, 0.995264276859865, 0.995264276859865, 0.995264276859865, 0.995264276859865, 0.995264276859865, 0.995264276859865, 0.9967140474216934, 0.9967140474216934, 0.9974389327026078, 0.9974389327026078, 0.9974389327026078, 0.9974389327026078, 0.9974389327026078, 0.9974389327026078, 0.998163817983522, 0.998163817983522, 0.998163817983522, 0.998163817983522, 0.998163817983522, 0.998163817983522, 0.998163817983522, 0.998163817983522, 0.998163817983522, 0.998163817983522, 0.9986959885019293, 0.9986959885019293, 0.9986959885019293, 0.9986959885019293, 0.9986959885019293], "history": {"global": {"loss": [3.2992703914642334, 2.8486316204071045, 5.227224349975586, 2.4480960369110107, 2.6905181407928467, 3.286017417907715, 2.319999933242798, 2.227069139480591, 2.238940477371216, 2.214848518371582, 2.1328353881835938, 2.533393144607544, 4.081727027893066, 3.926820993423462, 2.531055212020874, 2.0249176025390625, 2.0819778442382812, 2.019888162612915, 2.0400569438934326, 1.974408507347107, 1.9848484992980957, 2.019329071044922, 1.9829537868499756, 2.1520328521728516, 2.4045767784118652, 2.1790573596954346, 2.1658213138580322, 2.394428253173828, 2.007338285446167, 2.0649616718292236], "val_loss": [], "top-1-accuracy": [0.29209184646606445, 0.40714284777641296, 0.09642857313156128, 0.5122448801994324, 0.3581632673740387, 0.16632653772830963, 0.4729591906070709, 0.4811224341392517, 0.4749999940395355, 0.470408171415329, 0.5290816426277161, 0.3867346942424774, 0.1596938818693161, 0.1596938818693161, 0.38061225414276123, 0.5035714507102966, 0.45102041959762573, 0.4561224579811096, 0.4663265347480774, 0.4928571283817291, 0.46683672070503235, 0.4770408272743225, 0.5362244844436646, 0.4566326439380646, 0.3729591965675354, 0.42602041363716125, 0.41734692454338074, 0.32908162474632263, 0.5142857432365417, 0.4056122303009033], "top-10-accuracy": [0.8109694123268127, 0.7811224460601807, 0.6821428537368774, 0.8846938610076904, 0.8173469305038452, 0.7556122541427612, 0.8964285850524902, 0.9127551317214966, 0.8984693884849548, 0.9244897961616516, 0.9290816187858582, 0.8704081773757935, 0.738265335559845, 0.7387754917144775, 0.8658163547515869, 0.9229592084884644, 0.9270408153533936, 0.9285714030265808, 0.936734676361084, 0.9331632852554321, 0.936734676361084, 0.9362244606018066, 0.9438775777816772, 0.9423469305038452, 0.9316326379776001, 0.9387755393981934, 0.9428571462631226, 0.9372448921203613, 0.9505102038383484, 0.9433673620223999], "top-1-throughput": [0.39875328540802, 0.5284873247146606, 0.16658233106136322, 0.6331561803817749, 0.4842623174190521, 0.26221752166748047, 0.6151915192604065, 0.6371294260025024, 0.6140790581703186, 0.6203407645225525, 0.6818831562995911, 0.5414214730262756, 0.26167309284210205, 0.2614777088165283, 0.5390557050704956, 0.6657495498657227, 0.6113418936729431, 0.6370667815208435, 0.6462538242340088, 0.668013334274292, 0.6547970175743103, 0.6531537771224976, 0.6999696493148804, 0.6338201761245728, 0.5437353253364563, 0.5877705812454224, 0.5887325406074524, 0.49329623579978943, 0.668429434299469, 0.5803509950637817], "top-10-throughput": [0.8585745692253113, 0.834638774394989, 0.7610706090927124, 0.9189369082450867, 0.8666931390762329, 0.805736243724823, 0.9311898350715637, 0.9437499046325684, 0.9330385327339172, 0.9517436623573303, 0.9542551636695862, 0.909679651260376, 0.7990705966949463, 0.8070560097694397, 0.9076312184333801, 0.950829029083252, 0.9568122625350952, 0.955968976020813, 0.9617205858230591, 0.9592132568359375, 0.9636051058769226, 0.961754322052002, 0.9677802920341492, 0.9663307666778564, 0.9646311402320862, 0.9657513499259949, 0.9689639806747437, 0.9677278399467468, 0.9729082584381104, 0.9699293971061707], "val_top-1-accuracy": [], "val_top-10-accuracy": [], "val_top-1-throughput": [], "val_top-10-throughput": []}, "vehicle 0": {"loss": [[3.408245801925659], [2.675684928894043], [2.460942029953003], [2.3600914478302], [2.2970128059387207], [2.2489845752716064], [2.209958076477051], [2.1804258823394775], [2.1574296951293945], [2.1371729373931885], [2.1185455322265625], [2.103253126144409], [2.0876522064208984], [2.076432943344116], [2.0657694339752197], [2.0532188415527344], [2.0465235710144043], [2.0357072353363037], [2.027022361755371], [2.017629861831665], [2.012827157974243], [2.0078516006469727], [2.0023183822631836], [1.9953792095184326], [1.9920533895492554], [1.9869842529296875], [1.9806056022644043], [1.9778534173965454], [1.9746309518814087], [1.972079873085022]],