{"top-k-accuracy": [0.3326530612244898, 0.5321428571428571, 0.6285714285714286, 0.6979591836734694, 0.7535714285714286, 0.7979591836734694, 0.8127551020408164, 0.8275510204081633, 0.8627551020408163, 0.8831632653061224, 0.8954081632653061, 0.9086734693877551, 0.9127551020408163, 0.923469387755102, 0.9255102040816326, 0.9336734693877551, 0.9377551020408164, 0.9438775510204082, 0.951530612244898, 0.9540816326530612, 0.9576530612244898, 0.9586734693877551, 0.9596938775510204, 0.9627551020408164, 0.9647959183673469, 0.9653061224489796, 0.9663265306122449, 0.9683673469387755, 0.9719387755102041, 0.9724489795918367, 0.9734693877551021, 0.9734693877551021, 0.9734693877551021, 0.9755102040816327, 0.976530612244898, 0.976530612244898, 0.9790816326530613, 0.9806122448979592, 0.9806122448979592, 0.9811224489795919, 0.9821428571428571, 0.9821428571428571, 0.9826530612244898, 0.9826530612244898, 0.9857142857142858, 0.986734693877551, 0.986734693877551, 0.9872448979591837, 0.9872448979591837, 0.9877551020408163, 0.9877551020408163, 0.9892857142857143, 0.9897959183673469, 0.9903061224489796, 0.9908163265306122, 0.9908163265306122, 0.9913265306122448, 0.9913265306122448, 0.9918367346938776, 0.9918367346938776, 0.9918367346938776, 0.9918367346938776, 0.9918367346938776, 0.9918367346938776, 0.9923469387755102, 0.9923469387755102, 0.9923469387755102, 0.9923469387755102, 0.9923469387755102, 0.9933673469387755, 0.9933673469387755, 0.9933673469387755, 0.9933673469387755, 0.9933673469387755, 0.9933673469387755, 0.9933673469387755, 0.9933673469387755, 0.9933673469387755, 0.9933673469387755, 0.9943877551020408, 0.9948979591836735, 0.9948979591836735, 0.9948979591836735, 0.9948979591836735, 0.9954081632653061, 0.9954081632653061, 0.9954081632653061, 0.9954081632653061, 0.9954081632653061, 0.9954081632653061, 0.9954081632653061, 0.9954081632653061, 0.9959183673469387, 0.9959183673469387, 0.9959183673469387, 0.9959183673469387, 0.9964285714285714, 0.9964285714285714, 0.9964285714285714, 0.9964285714285714], "top-k-throughput-ratio": [0.427360883802191, 0.613525332229057, 0.7076028029353405, 0.7578375525861162, 0.8063471846822299, 0.8464761723775265, 0.8580510983887086, 0.8737441197538515, 0.9071890959060623, 0.9274264940687754, 0.9381123165852028, 0.9432367195099474, 0.9463079460242503, 0.9551848459664135, 0.9568315209300634, 0.9610841410810272, 0.9652179935896291, 0.9710979220437159, 0.974081241623605, 0.9754479800817547, 0.978055554800273, 0.9784944451906837, 0.9789497255699902, 0.9804920326668168, 0.9812438245657726, 0.9815804261194299, 0.9816879071724363, 0.982308504749095, 0.9859222294750731, 0.9866471147559874, 0.9872120654863965, 0.9879568628968189, 0.9879568628968189, 0.9884925617346927, 0.9888960176994577, 0.9888960176994577, 0.9912059201760319, 0.9922393254434653, 0.9922393254434653, 0.9922460812353353, 0.9923919423375276, 0.9923919423375276, 0.9924269712933641, 0.9924269712933641, 0.99322339023959, 0.993272363712813, 0.9932878353532251, 0.9932893942256428, 0.9932893942256428, 0.9935150206044657, 0.9935150206044657, 0.9943327028590621, 0.9943602288785184, 0.9944715032151821, 0.9944927586639779, 0.9944927586639779, 0.9952176439448922, 0.9952176439448922, 0.9952233211060568, 0.9952233211060568, 0.9954705440821083, 0.9954705440821083, 0.9954705440821083, 0.9954705440821083, 0.995475776100507, 0.995475776100507, 0.995475776100507, 0.995475776100507, 0.995475776100507, 0.9956774076705475, 0.9956774076705475, 0.9956774076705475, 0.9956774076705475, 0.9956774076705475, 0.9956774076705475, 0.9956774076705475, 0.9957652476877621, 0.9957652476877621, 0.9957652476877621, 0.9973110229166291, 0.9973992633064366, 0.9973992633064366, 0.9973992633064366, 0.9973992633064366, 0.9974688218869966, 0.9974688218869966, 0.9974688218869966, 0.9974688218869966, 0.9974688218869966, 0.9974688218869966, 0.9974688218869966, 0.9974688218869966, 0.9976084578939031, 0.9976084578939031, 0.9976084578939031, 0.9976084578939031, 0.9981406284123102, 0.9981406284123102, 0.9981406284123102, 0.9981406284123102], "history": {"global": {"loss": [5.5853681564331055, 5.965392112731934, 4.705999851226807, 3.864248037338257, 3.8101894855499268, 3.293855905532837, 3.3124747276306152, 3.108475685119629, 2.8956024646759033, 2.9315922260284424, 2.9211630821228027, 3.0511536598205566, 2.9208807945251465, 2.777508020401001, 2.8521931171417236, 2.738462448120117, 2.7345919609069824, 2.828218698501587, 2.7398838996887207, 2.7615201473236084, 2.7648115158081055, 2.806849718093872, 2.776001214981079, 2.779494524002075, 2.8444204330444336, 2.7641773223876953, 3.019737958908081, 2.7881484031677246, 2.780731439590454, 2.7504100799560547], "val_loss": [], "top-1-accuracy": [0.03316326439380646, 0.12091837078332901, 0.04234693944454193, 0.25357142090797424, 0.05408163368701935, 0.1964285671710968, 0.1647959202528, 0.22755101323127747, 0.32499998807907104, 0.27244898676872253, 0.15408162772655487, 0.20255102217197418, 0.30408161878585815, 0.3311224579811096, 0.31887754797935486, 0.31479591131210327, 0.30510205030441284, 0.2846938669681549, 0.3831632733345032, 0.3474489748477936, 0.3306122422218323, 0.2760204076766968, 0.3479591906070709, 0.34591835737228394, 0.30408161878585815, 0.33010202646255493, 0.23877550661563873, 0.36632654070854187, 0.3382652997970581, 0.33265307545661926], "top-10-accuracy": [0.6918367147445679, 0.6678571701049805, 0.7372449040412903, 0.7020407915115356, 0.7622448801994324, 0.7290816307067871, 0.7836734652519226, 0.7760204076766968, 0.8459183573722839, 0.8204081654548645, 0.8025510311126709, 0.8545918464660645, 0.7755101919174194, 0.8280612230300903, 0.8183673620223999, 0.8836734890937805, 0.8780612349510193, 0.8714285492897034, 0.8795918226242065, 0.8586734533309937, 0.8489795923233032, 0.8882653117179871, 0.8311224579811096, 0.8627551198005676, 0.859183669090271, 0.8520408272743225, 0.7923469543457031, 0.8739795684814453, 0.8704081773757935, 0.8831632733345032], "top-1-throughput": [0.10606169700622559, 0.1708456575870514, 0.09013105183839798, 0.348513126373291, 0.13730992376804352, 0.29662737250328064, 0.2508920133113861, 0.32471489906311035, 0.43919864296913147, 0.3836253881454468, 0.24555127322673798, 0.2906942665576935, 0.4227336049079895, 0.4418892562389374, 0.43380025029182434, 0.41809961199760437, 0.4168771207332611, 0.40213313698768616, 0.4949282705783844, 0.46865102648735046, 0.43378734588623047, 0.4141225516796112, 0.4558505117893219, 0.454046368598938, 0.4385441541671753, 0.4321587085723877, 0.35276558995246887, 0.4823952317237854, 0.4587792456150055, 0.45202627778053284], "top-10-throughput": [0.7624943852424622, 0.7376352548599243, 0.807325005531311, 0.7874475121498108, 0.8309078216552734, 0.8129127621650696, 0.8295924067497253, 0.8372439742088318, 0.889700174331665, 0.8756787180900574, 0.8635798692703247, 0.8930506706237793, 0.8360227346420288, 0.8754518032073975, 0.8614779114723206, 0.916738748550415, 0.9143163561820984, 0.9165921807289124, 0.9148803949356079, 0.8983297348022461, 0.8947619199752808, 0.9273048639297485, 0.8775718212127686, 0.898051917552948, 0.9071828126907349, 0.8937137126922607, 0.8388919830322266, 0.914524495601654, 0.9083110094070435, 0.9202398061752319], "val_top-1-accuracy": [], "val_top-10-accuracy": [], "val_top-1-throughput": [], "val_top-10-throughput": []}, "vehicle 0": {"loss": [[11.664104461669922], [5.045793533325195], [4.6741766929626465], [4.199801921844482], [3.888681173324585], [3.675865888595581], [3.5460081100463867], [3.421891927719116], [3.3030426502227783], [3.2458503246307373], [3.1913866996765137], [3.1506290435791016], [3.141160488128662], [3.113631010055542], [3.0950279235839844], [3.0722055435180664], [3.054927349090576], [3.0395255088806152], [3.03715181350708], [3.0288169384002686], [3.024031400680542], [3.015491247177124], [3.011583089828491], [3.000088930130005], [2.9940052032470703], [2.9897994995117188], [2.9812467098236084], [2.982016086578369], [2.9769511222839355], [2.9732303619384766]],